,Дата,Курс
0,2010-01-01,43.4605
1,2010-01-12,42.6681
2,2010-01-13,42.6149
3,2010-01-14,42.9497
4,2010-01-15,42.7764
5,2010-01-16,42.5905
6,2010-01-19,42.5654
7,2010-01-20,42.5094
8,2010-01-21,42.1478
9,2010-01-22,41.9485
10,2010-01-23,42.0576
11,2010-01-26,42.5808
12,2010-01-27,42.7058
13,2010-01-28,42.5574
14,2010-01-29,42.5842
15,2010-01-30,42.4637
16,2010-02-02,42.219
17,2010-02-03,42.051
18,2010-02-04,41.7633
19,2010-02-05,41.6115
20,2010-02-06,41.7179
21,2010-02-09,41.6937
22,2010-02-10,41.6998
23,2010-02-11,41.6551
24,2010-02-12,41.5085
25,2010-02-13,41.1737
26,2010-02-16,41.1092
27,2010-02-17,41.1467
28,2010-02-18,41.2561
29,2010-02-19,40.8825
30,2010-02-20,40.6285
31,2010-02-25,40.6498
32,2010-02-26,40.5012
33,2010-02-27,40.7566
34,2010-02-28,40.8047
35,2010-03-02,40.7377
36,2010-03-03,40.5271
37,2010-03-04,40.6007
38,2010-03-05,40.7215
39,2010-03-06,40.5211
40,2010-03-10,40.4866
41,2010-03-11,40.3367
42,2010-03-12,40.2469
43,2010-03-13,40.261
44,2010-03-16,40.3272
45,2010-03-17,40.2347
46,2010-03-18,40.283
47,2010-03-19,39.9586
48,2010-03-20,39.8357
49,2010-03-23,39.6339
50,2010-03-24,39.8238
51,2010-03-25,39.7152
52,2010-03-26,39.5301
53,2010-03-27,39.3808
54,2010-03-30,39.8654
55,2010-03-31,39.7028
56,2010-04-01,39.5713
57,2010-04-02,39.7255
58,2010-04-03,39.6303
59,2010-04-06,39.3922
60,2010-04-07,39.2568
61,2010-04-08,39.1866
62,2010-04-09,39.1524
63,2010-04-10,39.2286
64,2010-04-13,39.4982
65,2010-04-14,39.4829
66,2010-04-15,39.6253
67,2010-04-16,39.4387
68,2010-04-17,39.2723
69,2010-04-20,39.2873
70,2010-04-21,39.2199
71,2010-04-22,39.0919
72,2010-04-23,39.0413
73,2010-04-24,38.7445
74,2010-04-27,38.8706
75,2010-04-28,38.8534
76,2010-04-29,38.7817
77,2010-04-30,38.702
78,2010-05-01,38.6986
79,2010-05-05,38.6004
80,2010-05-06,38.5143
81,2010-05-07,38.6833
82,2010-05-08,38.949
83,2010-05-12,38.5948
84,2010-05-13,38.194
85,2010-05-14,37.8412
86,2010-05-15,37.7282
87,2010-05-18,37.7562
88,2010-05-19,37.6224
89,2010-05-20,37.4206
90,2010-05-21,38.0406
91,2010-05-22,39.0115
92,2010-05-25,38.6159
93,2010-05-26,38.6046
94,2010-05-27,38.5119
95,2010-05-28,37.9869
96,2010-05-29,37.6316
97,2010-06-01,37.8133
98,2010-06-02,38.033
99,2010-06-03,38.1111
100,2010-06-04,38.0117
101,2010-06-05,37.8476
102,2010-06-08,37.9165
103,2010-06-09,37.8333
104,2010-06-10,37.943
105,2010-06-11,38.0217
106,2010-06-12,38.0982
107,2010-06-16,38.3303
108,2010-06-17,38.4192
109,2010-06-18,38.2614
110,2010-06-19,38.256
111,2010-06-22,38.267
112,2010-06-23,38.033
113,2010-06-24,38.0242
114,2010-06-25,38.2352
115,2010-06-26,38.3324
116,2010-06-29,38.3139
117,2010-06-30,38.1863
118,2010-07-01,38.2097
119,2010-07-02,38.3031
120,2010-07-03,38.9928
121,2010-07-06,39.0305
122,2010-07-07,39.1021
123,2010-07-08,39.1326
124,2010-07-09,39.1615
125,2010-07-10,39.1285
126,2010-07-13,38.8716
127,2010-07-14,38.7345
128,2010-07-15,38.809
129,2010-07-16,38.9053
130,2010-07-17,39.3258
131,2010-07-20,39.4373
132,2010-07-21,39.5306
133,2010-07-22,39.2145
134,2010-07-23,38.9503
135,2010-07-24,39.1253
136,2010-07-27,39.1999
137,2010-07-28,39.3139
138,2010-07-29,39.335
139,2010-07-30,39.3671
140,2010-07-31,39.4694
141,2010-08-03,39.4653
142,2010-08-04,39.45
143,2010-08-05,39.3781
144,2010-08-06,39.2404
145,2010-08-07,39.3593
146,2010-08-10,39.611
147,2010-08-11,39.5235
148,2010-08-12,39.4417
149,2010-08-13,39.3009
150,2010-08-14,39.2173
151,2010-08-17,39.0868
152,2010-08-18,39.1148
153,2010-08-19,39.0514
154,2010-08-20,39.03
155,2010-08-21,39.0923
156,2010-08-24,38.9131
157,2010-08-25,38.8662
158,2010-08-26,39.0894
159,2010-08-27,39.1911
160,2010-08-28,39.0311
161,2010-08-31,39.0291
162,2010-09-01,39.0127
163,2010-09-02,39.1654
164,2010-09-03,39.2901
165,2010-09-04,39.3505
166,2010-09-07,39.472
167,2010-09-08,39.3215
168,2010-09-09,39.2948
169,2010-09-10,39.1868
170,2010-09-11,39.1917
171,2010-09-14,39.3235
172,2010-09-15,39.5264
173,2010-09-16,39.9107
174,2010-09-17,40.3166
175,2010-09-18,40.8115
176,2010-09-21,40.5416
177,2010-09-22,40.6483
178,2010-09-23,41.2254
179,2010-09-24,41.538
180,2010-09-25,41.2599
181,2010-09-28,41.222
182,2010-09-29,41.0884
183,2010-09-30,41.3481
184,2010-10-01,41.4392
185,2010-10-02,41.6606
186,2010-10-05,41.9747
187,2010-10-06,41.7156
188,2010-10-07,41.4017
189,2010-10-08,41.3564
190,2010-10-09,41.6717
191,2010-10-12,41.66
192,2010-10-13,41.5895
193,2010-10-14,42.0451
194,2010-10-15,42.1585
195,2010-10-16,42.3939
196,2010-10-19,42.3577
197,2010-10-20,42.2983
198,2010-10-21,42.4411
199,2010-10-22,42.8781
200,2010-10-23,42.5351
201,2010-10-26,42.4975
202,2010-10-27,42.4658
203,2010-10-28,42.1841
204,2010-10-29,42.4316
205,2010-10-30,42.7256
206,2010-11-02,42.9848
207,2010-11-03,42.9147
208,2010-11-04,43.1654
209,2010-11-09,42.9854
210,2010-11-10,42.7798
211,2010-11-11,42.3004
212,2010-11-12,42.059
213,2010-11-13,41.8779
214,2010-11-14,42.2311
215,2010-11-16,42.1715
216,2010-11-17,42.2175
217,2010-11-18,42.2863
218,2010-11-19,42.4069
219,2010-11-20,42.3568
220,2010-11-23,42.6367
221,2010-11-24,42.4036
222,2010-11-25,41.9168
223,2010-11-26,41.6956
224,2010-11-27,41.6192
225,2010-11-30,41.5682
226,2010-12-01,41.0814
227,2010-12-02,41.062
228,2010-12-03,41.2276
229,2010-12-04,41.3374
230,2010-12-07,41.7677
231,2010-12-08,41.6525
232,2010-12-09,41.272
233,2010-12-10,41.2106
234,2010-12-11,40.9394
235,2010-12-14,40.8042
236,2010-12-15,41.2932
237,2010-12-16,40.8851
238,2010-12-17,40.6798
239,2010-12-18,40.7979
240,2010-12-21,40.5055
241,2010-12-22,40.472
242,2010-12-23,40.3582
243,2010-12-24,40.1706
244,2010-12-25,40.1548
245,2010-12-28,40.0594
246,2010-12-29,40.0226
247,2010-12-30,39.9011
248,2010-12-31,40.3331
249,2011-01-01,40.4876
250,2011-01-12,39.6076
251,2011-01-13,39.5154
252,2011-01-14,39.4815
253,2011-01-15,40.1264
254,2011-01-18,39.968
255,2011-01-19,39.9066
256,2011-01-20,40.1895
257,2011-01-21,40.2113
258,2011-01-22,40.5807
259,2011-01-25,40.5624
260,2011-01-26,40.7027
261,2011-01-27,40.7198
262,2011-01-28,40.6205
263,2011-01-29,40.6487
264,2011-02-01,40.5811
265,2011-02-02,40.7368
266,2011-02-03,40.7258
267,2011-02-04,40.5279
268,2011-02-05,40.0819
269,2011-02-08,39.9593
270,2011-02-09,39.8892
271,2011-02-10,39.9871
272,2011-02-11,40.135
273,2011-02-12,39.7667
274,2011-02-15,39.604
275,2011-02-16,39.4703
276,2011-02-17,39.6802
277,2011-02-18,39.6821
278,2011-02-19,39.7682
279,2011-02-22,39.8868
280,2011-02-23,39.6795
281,2011-02-25,40.0294
282,2011-02-26,40.0073
283,2011-03-01,39.8136
284,2011-03-02,39.7219
285,2011-03-03,39.3974
286,2011-03-04,39.2752
287,2011-03-05,39.3476
288,2011-03-06,39.4038
289,2011-03-10,39.3039
290,2011-03-11,39.3151
291,2011-03-12,39.5375
292,2011-03-15,39.9347
293,2011-03-16,39.9813
294,2011-03-17,40.0728
295,2011-03-18,40.1097
296,2011-03-19,40.0633
297,2011-03-22,40.1996
298,2011-03-23,40.0858
299,2011-03-24,40.0642
300,2011-03-25,39.9495
301,2011-03-26,40.0156
302,2011-03-29,39.9288
303,2011-03-30,40.0325
304,2011-03-31,40.0223
305,2011-04-01,40.3875
306,2011-04-02,40.198
307,2011-04-05,40.1624
308,2011-04-06,40.1652
309,2011-04-07,40.2789
310,2011-04-08,40.3528
311,2011-04-09,40.4859
312,2011-04-12,40.439
313,2011-04-13,40.5268
314,2011-04-14,40.7604
315,2011-04-15,40.8791
316,2011-04-16,40.8304
317,2011-04-19,40.4739
318,2011-04-20,40.4407
319,2011-04-21,40.5523
320,2011-04-22,40.8117
321,2011-04-23,40.7443
322,2011-04-26,40.7933
323,2011-04-27,40.5837
324,2011-04-28,40.6681
325,2011-04-29,40.8121
326,2011-04-30,40.8078
327,2011-05-04,40.5211
328,2011-05-05,40.5751
329,2011-05-06,40.5421
330,2011-05-07,40.2974
331,2011-05-11,39.8657
332,2011-05-12,39.7827
333,2011-05-13,39.6934
334,2011-05-14,39.7137
335,2011-05-17,39.683
336,2011-05-18,39.8512
337,2011-05-19,40.0113
338,2011-05-20,39.8889
339,2011-05-21,39.9652
340,2011-05-24,39.8117
341,2011-05-25,39.9938
342,2011-05-26,39.9566
343,2011-05-27,40.0217
344,2011-05-28,40.0802
345,2011-05-31,40.0594
346,2011-06-01,40.2444
347,2011-06-02,40.3497
348,2011-06-03,40.3074
349,2011-06-04,40.3436
350,2011-06-07,40.6879
351,2011-06-08,40.6581
352,2011-06-09,40.6273
353,2011-06-10,40.5244
354,2011-06-11,40.2298
355,2011-06-15,40.2825
356,2011-06-16,40.128
357,2011-06-17,39.8184
358,2011-06-18,39.8913
359,2011-06-21,40.047
360,2011-06-22,40.2277
361,2011-06-23,40.1814
362,2011-06-24,40.0791
363,2011-06-25,40.1189
364,2011-06-28,40.0923
365,2011-06-29,40.3029
366,2011-06-30,40.387
367,2011-07-01,40.4153
368,2011-07-02,40.4824
369,2011-07-05,40.4155
370,2011-07-06,40.311
371,2011-07-07,40.2435
372,2011-07-08,40.0917
373,2011-07-09,40.0193
374,2011-07-12,39.8033
375,2011-07-13,39.5051
376,2011-07-14,39.5919
377,2011-07-15,39.8214
378,2011-07-16,39.7388
379,2011-07-19,39.5894
380,2011-07-20,39.7316
381,2011-07-21,39.728
382,2011-07-22,39.8415
383,2011-07-23,39.9484
384,2011-07-26,39.8365
385,2011-07-27,39.9389
386,2011-07-28,39.7937
387,2011-07-29,39.5982
388,2011-07-30,39.5182
389,2011-08-02,39.6431
390,2011-08-03,39.5173
391,2011-08-04,39.5923
392,2011-08-05,39.8158
393,2011-08-06,39.9625
394,2011-08-09,40.959
395,2011-08-10,41.9039
396,2011-08-11,42.0285
397,2011-08-12,41.9075
398,2011-08-13,41.7768
399,2011-08-16,41.2895
400,2011-08-17,41.2924
401,2011-08-18,41.3061
402,2011-08-19,41.6355
403,2011-08-20,41.8749
404,2011-08-23,42.0226
405,2011-08-24,41.66
406,2011-08-25,41.6618
407,2011-08-26,41.6746
408,2011-08-27,41.6705
409,2011-08-30,41.7455
410,2011-08-31,41.8396
411,2011-09-01,41.7631
412,2011-09-02,41.4732
413,2011-09-03,41.3762
414,2011-09-06,41.483
415,2011-09-07,41.6771
416,2011-09-08,41.4902
417,2011-09-09,41.5175
418,2011-09-10,41.2786
419,2011-09-13,41.0914
420,2011-09-14,41.2267
421,2011-09-15,41.3531
422,2011-09-16,41.8792
423,2011-09-17,42.2482
424,2011-09-20,42.2058
425,2011-09-21,42.9164
426,2011-09-22,43.0127
427,2011-09-23,43.2421
428,2011-09-24,43.3655
429,2011-09-27,43.4535
430,2011-09-28,43.6357
431,2011-09-29,43.2216
432,2011-09-30,43.3979
433,2011-10-01,43.4191
434,2011-10-04,43.4411
435,2011-10-05,43.1571
436,2011-10-06,43.4632
437,2011-10-07,43.3728
438,2011-10-08,43.2614
439,2011-10-11,43.1425
440,2011-10-12,42.8601
441,2011-10-13,42.8785
442,2011-10-14,43.0236
443,2011-10-15,42.7328
444,2011-10-18,42.6169
445,2011-10-19,42.5551
446,2011-10-20,42.7084
447,2011-10-21,42.9858
448,2011-10-22,43.1373
449,2011-10-25,42.9153
450,2011-10-26,42.4001
451,2011-10-27,42.5457
452,2011-10-28,42.3571
453,2011-10-29,42.383
454,2011-11-01,42.1833
455,2011-11-02,42.2469
456,2011-11-03,42.1431
457,2011-11-04,42.2128
458,2011-11-08,42.0727
459,2011-11-09,41.9394
460,2011-11-10,41.5998
461,2011-11-11,41.6937
462,2011-11-12,41.5886
463,2011-11-15,41.6638
464,2011-11-16,41.6884
465,2011-11-17,41.4605
466,2011-11-18,41.4997
467,2011-11-19,41.7035
468,2011-11-22,41.8612
469,2011-11-23,41.9109
470,2011-11-24,42.0256
471,2011-11-25,42.0337
472,2011-11-26,42.0251
473,2011-11-29,41.7744
474,2011-11-30,41.8457
475,2011-12-01,41.7559
476,2011-12-02,41.5068
477,2011-12-03,41.4824
478,2011-12-06,41.4707
479,2011-12-07,41.5842
480,2011-12-08,41.8661
481,2011-12-09,41.8711
482,2011-12-10,42.0153
483,2011-12-13,41.9023
484,2011-12-14,41.7891
485,2011-12-15,41.4127
486,2011-12-16,41.4389
487,2011-12-17,41.3933
488,2011-12-20,41.6868
489,2011-12-21,41.7059
490,2011-12-22,41.6718
491,2011-12-23,41.225
492,2011-12-24,40.8848
493,2011-12-27,40.7632
494,2011-12-28,40.6339
495,2011-12-29,41.228
496,2011-12-30,41.4079
497,2011-12-31,41.6714
498,2012-01-11,40.7591
499,2012-01-12,40.4061
500,2012-01-13,40.2852
501,2012-01-14,40.6189
502,2012-01-17,40.3842
503,2012-01-18,40.1688
504,2012-01-19,40.2612
505,2012-01-20,40.4772
506,2012-01-21,40.5867
507,2012-01-24,40.4064
508,2012-01-25,40.1872
509,2012-01-26,39.9499
510,2012-01-27,39.8384
511,2012-01-28,39.7841
512,2012-01-31,39.9691
513,2012-02-01,39.9678
514,2012-02-02,39.6777
515,2012-02-03,39.7664
516,2012-02-04,39.7425
517,2012-02-07,39.5137
518,2012-02-08,39.4592
519,2012-02-09,39.4115
520,2012-02-10,39.4767
521,2012-02-11,39.6282
522,2012-02-14,39.6037
523,2012-02-15,39.5431
524,2012-02-16,39.4572
525,2012-02-17,39.3181
526,2012-02-18,39.3846
527,2012-02-21,39.3311
528,2012-02-22,39.5235
529,2012-02-23,39.4114
530,2012-02-25,39.3645
531,2012-02-28,39.1517
532,2012-02-29,38.9121
533,2012-03-01,39.1029
534,2012-03-02,39.0714
535,2012-03-03,38.949
536,2012-03-06,38.653
537,2012-03-07,38.8721
538,2012-03-08,38.9938
539,2012-03-12,38.7691
540,2012-03-13,38.8543
541,2012-03-14,38.8517
542,2012-03-15,38.4843
543,2012-03-16,38.5781
544,2012-03-17,38.4117
545,2012-03-20,38.4801
546,2012-03-21,38.6001
547,2012-03-22,38.7589
548,2012-03-23,38.7258
549,2012-03-24,38.8189
550,2012-03-27,38.7429
551,2012-03-28,38.6266
552,2012-03-29,38.7696
553,2012-03-30,39.0402
554,2012-03-31,39.1707
555,2012-04-03,39.1677
556,2012-04-04,39.0846
557,2012-04-05,38.8368
558,2012-04-06,38.7097
559,2012-04-07,38.5138
560,2012-04-10,38.7192
561,2012-04-11,38.8349
562,2012-04-12,39.0781
563,2012-04-13,38.8507
564,2012-04-14,38.8134
565,2012-04-17,38.7374
566,2012-04-18,38.8509
567,2012-04-19,38.6716
568,2012-04-20,38.723
569,2012-04-21,38.8118
570,2012-04-24,38.8386
571,2012-04-25,38.795
572,2012-04-26,38.6593
573,2012-04-27,38.7393
574,2012-04-28,38.7477
575,2012-04-29,38.9203
576,2012-05-03,38.8223
577,2012-05-04,38.735
578,2012-05-05,38.9157
579,2012-05-06,39.0001
580,2012-05-11,39.116
581,2012-05-12,39.0458
582,2012-05-13,38.9826
583,2012-05-15,39.0088
584,2012-05-16,38.983
585,2012-05-17,39.33
586,2012-05-18,39.3919
587,2012-05-19,39.7518
588,2012-05-22,39.8077
589,2012-05-23,39.7376
590,2012-05-24,39.7651
591,2012-05-25,39.7681
592,2012-05-26,39.8426
593,2012-05-29,40.1179
594,2012-05-30,40.2423
595,2012-05-31,40.4598
596,2012-06-01,40.8076
597,2012-06-02,41.6804
598,2012-06-05,42.2464
599,2012-06-06,41.5068
600,2012-06-07,40.9501
601,2012-06-08,40.4205
602,2012-06-09,40.9067
603,2012-06-10,40.7914
604,2012-06-14,40.9426
605,2012-06-15,40.939
606,2012-06-16,40.9078
607,2012-06-19,40.8231
608,2012-06-20,41.006
609,2012-06-21,41.2441
610,2012-06-22,41.7208
611,2012-06-23,42.0464
612,2012-06-26,41.4981
613,2012-06-27,41.4964
614,2012-06-28,41.0217
615,2012-06-29,41.1963
616,2012-06-30,41.323
617,2012-07-03,41.0642
618,2012-07-04,40.9332
619,2012-07-05,40.5512
620,2012-07-06,40.685
621,2012-07-07,40.3885
622,2012-07-10,40.5522
623,2012-07-11,40.5367
624,2012-07-12,40.2638
625,2012-07-13,40.0072
626,2012-07-14,39.8277
627,2012-07-17,39.8985
628,2012-07-18,39.924
629,2012-07-19,39.802
630,2012-07-20,39.4219
631,2012-07-21,39.1686
632,2012-07-24,39.162
633,2012-07-25,39.5374
634,2012-07-26,39.839
635,2012-07-27,39.6362
636,2012-07-28,39.6028
637,2012-07-31,39.5527
638,2012-08-01,39.5101
639,2012-08-02,39.8236
640,2012-08-03,39.7525
641,2012-08-04,39.6745
642,2012-08-07,39.5353
643,2012-08-08,39.2322
644,2012-08-09,39.2299
645,2012-08-10,38.9511
646,2012-08-11,39.1923
647,2012-08-14,39.1468
648,2012-08-15,39.2916
649,2012-08-16,39.2846
650,2012-08-17,39.1395
651,2012-08-18,39.366
652,2012-08-21,39.5468
653,2012-08-22,39.5449
654,2012-08-23,39.6202
655,2012-08-24,39.7527
656,2012-08-25,39.9087
657,2012-08-28,39.8379
658,2012-08-29,39.9748
659,2012-08-30,40.2846
660,2012-08-31,40.525
661,2012-09-01,40.7249
662,2012-09-04,40.758
663,2012-09-05,40.6197
664,2012-09-06,40.6669
665,2012-09-07,40.6297
666,2012-09-08,40.482
667,2012-09-11,40.5694
668,2012-09-12,40.6203
669,2012-09-13,40.509
670,2012-09-14,40.5678
671,2012-09-15,40.1868
672,2012-09-18,40.1481
673,2012-09-19,40.4367
674,2012-09-20,40.3416
675,2012-09-21,40.957
676,2012-09-22,40.4918
677,2012-09-25,40.4548
678,2012-09-26,40.2099
679,2012-09-27,40.1735
680,2012-09-28,40.2074
681,2012-09-29,39.9786
682,2012-10-02,40.1455
683,2012-10-03,40.1673
684,2012-10-04,40.2096
685,2012-10-05,40.2581
686,2012-10-06,40.2822
687,2012-10-09,40.3389
688,2012-10-10,40.3577
689,2012-10-11,40.1347
690,2012-10-12,40.0679
691,2012-10-13,40.0832
692,2012-10-16,40.1355
693,2012-10-17,40.197
694,2012-10-18,40.3525
695,2012-10-19,40.264
696,2012-10-20,40.214
697,2012-10-23,40.3416
698,2012-10-24,40.5798
699,2012-10-25,40.6544
700,2012-10-26,40.6311
701,2012-10-27,40.6948
702,2012-10-30,40.6233
703,2012-10-31,40.7148
704,2012-11-01,40.6548
705,2012-11-02,40.6323
706,2012-11-03,40.4918
707,2012-11-07,40.3134
708,2012-11-08,40.2748
709,2012-11-09,40.2189
710,2012-11-10,40.2238
711,2012-11-13,40.2146
712,2012-11-14,40.2323
713,2012-11-15,40.35
714,2012-11-16,40.3818
715,2012-11-17,40.4759
716,2012-11-20,40.4207
717,2012-11-21,40.2037
718,2012-11-22,40.0785
719,2012-11-23,40.0278
720,2012-11-24,40.136
721,2012-11-27,40.1989
722,2012-11-28,40.1893
723,2012-11-29,40.2339
724,2012-11-30,40.2057
725,2012-12-01,40.0759
726,2012-12-04,40.1769
727,2012-12-05,40.472
728,2012-12-06,40.4127
729,2012-12-07,40.357
730,2012-12-08,40.127
731,2012-12-11,39.8359
732,2012-12-12,39.8313
733,2012-12-13,39.9579
734,2012-12-14,40.0599
735,2012-12-15,40.2182
736,2012-12-18,40.4713
737,2012-12-19,40.8084
738,2012-12-20,40.7393
739,2012-12-21,40.6544
740,2012-12-22,40.5619
741,2012-12-25,40.6251
742,2012-12-26,40.3333
743,2012-12-27,40.3659
744,2012-12-28,40.3505
745,2012-12-29,40.2286
746,2012-12-30,40.2286
747,2013-01-10,39.8096
748,2013-01-11,39.6385
749,2013-01-12,40.1104
750,2013-01-15,40.5009
751,2013-01-16,40.4003
752,2013-01-17,40.3096
753,2013-01-18,40.3472
754,2013-01-19,40.4314
755,2013-01-22,40.3617
756,2013-01-23,40.3194
757,2013-01-24,40.22
758,2013-01-25,40.2036
759,2013-01-26,40.2364
760,2013-01-29,40.4552
761,2013-01-30,40.5414
762,2013-01-31,40.5134
763,2013-02-01,40.7138
764,2013-02-02,40.8674
765,2013-02-05,40.7789
766,2013-02-06,40.6029
767,2013-02-07,40.6435
768,2013-02-08,40.6691
769,2013-02-09,40.4171
770,2013-02-12,40.3618
771,2013-02-13,40.3873
772,2013-02-14,40.428
773,2013-02-15,40.3698
774,2013-02-16,40.2713
775,2013-02-19,40.1969
776,2013-02-20,40.2265
777,2013-02-21,40.3394
778,2013-02-22,40.0748
779,2013-02-23,40.1111
780,2013-02-26,40.081
781,2013-02-27,39.9216
782,2013-02-28,40.042
783,2013-03-01,40.1024
784,2013-03-02,40.0563
785,2013-03-05,40.0293
786,2013-03-06,40.0126
787,2013-03-07,40.0007
788,2013-03-08,39.9732
789,2013-03-12,40.0187
790,2013-03-13,40.0364
791,2013-03-14,40.0631
792,2013-03-15,39.8715
793,2013-03-16,40.0123
794,2013-03-19,39.8491
795,2013-03-20,39.9075
796,2013-03-21,39.8752
797,2013-03-22,39.9746
798,2013-03-23,39.906
799,2013-03-26,40.0845
800,2013-03-27,39.7526
801,2013-03-28,39.6559
802,2013-03-29,39.6627
803,2013-03-30,39.8023
804,2013-04-02,39.8168
805,2013-04-03,40.0113
806,2013-04-04,40.1752
807,2013-04-05,40.7035
808,2013-04-06,40.8413
809,2013-04-09,41.0481
810,2013-04-10,40.6523
811,2013-04-11,40.593
812,2013-04-12,40.3651
813,2013-04-13,40.5132
814,2013-04-16,40.9283
815,2013-04-17,41.1193
816,2013-04-18,41.1544
817,2013-04-19,41.3787
818,2013-04-20,41.1157
819,2013-04-23,41.2352
820,2013-04-24,41.3142
821,2013-04-25,41.0629
822,2013-04-26,40.8498
823,2013-04-27,40.6635
824,2013-04-30,40.8358
825,2013-05-01,40.6264
826,2013-05-07,40.7386
827,2013-05-08,40.645
828,2013-05-09,40.7404
829,2013-05-14,40.7345
830,2013-05-15,40.6768
831,2013-05-16,40.5517
832,2013-05-17,40.4175
833,2013-05-18,40.3747
834,2013-05-21,40.2633
835,2013-05-22,40.1903
836,2013-05-23,40.3372
837,2013-05-24,40.4026
838,2013-05-25,40.514
839,2013-05-28,40.4867
840,2013-05-29,40.5189
841,2013-05-30,40.5666
842,2013-05-31,40.965
843,2013-06-01,41.4486
844,2013-06-04,41.7274
845,2013-06-05,41.6076
846,2013-06-06,41.8447
847,2013-06-07,42.1464
848,2013-06-08,42.7176
849,2013-06-11,42.6426
850,2013-06-12,42.9753
851,2013-06-14,43.2443
852,2013-06-15,42.4442
853,2013-06-18,42.2249
854,2013-06-19,42.5216
855,2013-06-20,43.0409
856,2013-06-21,43.3526
857,2013-06-22,43.3489
858,2013-06-25,43.1018
859,2013-06-26,42.9698
860,2013-06-27,42.9841
861,2013-06-28,42.8349
862,2013-06-29,42.718
863,2013-07-02,42.8025
864,2013-07-03,43.0525
865,2013-07-04,43.0736
866,2013-07-05,43.0954
867,2013-07-06,42.8399
868,2013-07-09,42.7342
869,2013-07-10,42.6389
870,2013-07-11,42.1033
871,2013-07-12,42.6234
872,2013-07-13,42.6643
873,2013-07-16,42.6076
874,2013-07-17,42.5906
875,2013-07-18,42.6232
876,2013-07-19,42.4437
877,2013-07-20,42.592
878,2013-07-23,42.5088
879,2013-07-24,42.6209
880,2013-07-25,42.7229
881,2013-07-26,42.9919
882,2013-07-27,43.3421
883,2013-07-30,43.606
884,2013-07-31,43.609
885,2013-08-01,43.7786
886,2013-08-02,43.727
887,2013-08-03,43.7387
888,2013-08-06,43.6628
889,2013-08-07,43.6574
890,2013-08-08,43.8764
891,2013-08-09,43.9717
892,2013-08-10,43.9806
893,2013-08-13,43.8305
894,2013-08-14,43.9665
895,2013-08-15,43.9845
896,2013-08-16,43.8509
897,2013-08-17,43.9382
898,2013-08-20,43.8628
899,2013-08-21,44.0294
900,2013-08-22,44.2144
901,2013-08-23,44.2765
902,2013-08-24,44.1022
903,2013-08-27,44.0891
904,2013-08-28,44.2714
905,2013-08-29,44.3879
906,2013-08-30,44.084
907,2013-08-31,44.0129
908,2013-09-03,43.9561
909,2013-09-04,43.954
910,2013-09-05,44.0742
911,2013-09-06,43.9814
912,2013-09-07,43.8919
913,2013-09-10,43.9014
914,2013-09-11,43.8607
915,2013-09-12,43.6824
916,2013-09-13,43.4748
917,2013-09-14,43.4664
918,2013-09-17,43.1597
919,2013-09-18,43.1457
920,2013-09-19,43.0761
921,2013-09-20,42.7465
922,2013-09-21,42.9501
923,2013-09-24,43.2038
924,2013-09-25,42.9653
925,2013-09-26,43.0251
926,2013-09-27,43.4987
927,2013-09-28,43.6497
928,2013-10-01,43.8143
929,2013-10-02,43.8005
930,2013-10-03,43.6603
931,2013-10-04,43.6932
932,2013-10-05,43.7337
933,2013-10-08,43.8314
934,2013-10-09,43.8225
935,2013-10-10,43.8471
936,2013-10-11,43.6844
937,2013-10-12,43.6039
938,2013-10-15,43.766
939,2013-10-16,43.7645
940,2013-10-17,43.6102
941,2013-10-18,43.5123
942,2013-10-19,43.559
943,2013-10-22,43.6378
944,2013-10-23,43.661
945,2013-10-24,43.7126
946,2013-10-25,43.7249
947,2013-10-26,43.7625
948,2013-10-29,43.9036
949,2013-10-30,44.0323
950,2013-10-31,44.0586
951,2013-11-01,43.9406
952,2013-11-02,43.6179
953,2013-11-06,43.6672
954,2013-11-07,43.822
955,2013-11-08,43.7879
956,2013-11-09,43.6305
957,2013-11-12,43.6563
958,2013-11-13,43.9228
959,2013-11-14,44.1046
960,2013-11-15,44.0201
961,2013-11-16,43.9751
962,2013-11-19,43.9541
963,2013-11-20,44.0624
964,2013-11-21,44.3421
965,2013-11-22,44.33
966,2013-11-23,44.3533
967,2013-11-26,44.3685
968,2013-11-27,44.6392
969,2013-11-28,44.8262
970,2013-11-29,44.9949
971,2013-11-30,45.187
972,2013-12-03,45.0882
973,2013-12-04,45.0417
974,2013-12-05,45.1748
975,2013-12-06,45.1013
976,2013-12-07,45.0116
977,2013-12-10,44.9127
978,2013-12-11,45.0758
979,2013-12-12,45.0418
980,2013-12-13,45.1549
981,2013-12-14,45.1944
982,2013-12-17,45.2135
983,2013-12-18,45.2644
984,2013-12-19,45.3688
985,2013-12-20,45.0628
986,2013-12-21,44.968
987,2013-12-24,45.0863
988,2013-12-25,44.652
989,2013-12-26,44.6438
990,2013-12-27,44.7005
991,2013-12-28,44.8736
992,2013-12-31,44.9699
993,2014-01-01,45.0559
994,2014-01-10,45.0672
995,2014-01-11,45.2069
996,2014-01-14,45.2855
997,2014-01-15,45.4139
998,2014-01-16,45.4878
999,2014-01-17,45.4926
1000,2014-01-18,45.5175
1001,2014-01-21,45.5424
1002,2014-01-22,45.8242
1003,2014-01-23,45.9125
1004,2014-01-24,46.105
1005,2014-01-25,46.8985
1006,2014-01-28,47.4962
1007,2014-01-29,47.3739
1008,2014-01-30,47.2238
1009,2014-01-31,48.0951
1010,2014-02-01,47.6408
1011,2014-02-04,47.5351
1012,2014-02-05,47.9535
1013,2014-02-06,47.2159
1014,2014-02-07,46.9497
1015,2014-02-08,47.0205
1016,2014-02-11,47.3758
1017,2014-02-12,47.5319
1018,2014-02-13,47.4154
1019,2014-02-14,47.4913
1020,2014-02-15,48.2618
1021,2014-02-18,48.1188
1022,2014-02-19,48.3086
1023,2014-02-20,48.973
1024,2014-02-21,49.1975
1025,2014-02-22,48.9497
1026,2014-02-25,48.7959
1027,2014-02-26,48.8654
1028,2014-02-27,49.1823
1029,2014-02-28,49.3454
1030,2014-03-01,49.5839
1031,2014-03-04,50.1513
1032,2014-03-05,49.952
1033,2014-03-06,49.5446
1034,2014-03-07,49.5925
1035,2014-03-08,50.2625
1036,2014-03-12,50.4707
1037,2014-03-13,50.5593
1038,2014-03-14,50.8096
1039,2014-03-15,50.7635
1040,2014-03-18,50.9442
1041,2014-03-19,50.7621
1042,2014-03-20,50.4146
1043,2014-03-21,49.9628
1044,2014-03-22,50.1804
1045,2014-03-25,49.9167
1046,2014-03-26,49.7042
1047,2014-03-27,48.9521
1048,2014-03-28,49.0484
1049,2014-03-29,49.0519
1050,2014-04-01,48.968
1051,2014-04-02,48.2596
1052,2014-04-03,48.6826
1053,2014-04-04,48.8834
1054,2014-04-05,48.6435
1055,2014-04-08,48.6159
1056,2014-04-09,48.86
1057,2014-04-10,49.2911
1058,2014-04-11,49.2266
1059,2014-04-12,49.4994
1060,2014-04-15,49.8232
1061,2014-04-16,49.6836
1062,2014-04-17,49.886
1063,2014-04-18,49.7289
1064,2014-04-19,49.1041
1065,2014-04-22,49.2978
1066,2014-04-23,49.2185
1067,2014-04-24,49.282
1068,2014-04-25,49.3175
1069,2014-04-26,49.6969
1070,2014-04-29,49.8219
1071,2014-04-30,49.5064
1072,2014-05-01,49.3188
1073,2014-05-06,49.7361
1074,2014-05-07,49.507
1075,2014-05-08,49.412
1076,2014-05-09,48.7642
1077,2014-05-13,48.4759
1078,2014-05-14,48.0073
1079,2014-05-15,47.6173
1080,2014-05-16,47.5674
1081,2014-05-17,47.6999
1082,2014-05-20,47.6416
1083,2014-05-21,47.3995
1084,2014-05-22,47.3171
1085,2014-05-23,46.8507
1086,2014-05-24,46.835
1087,2014-05-27,46.4266
1088,2014-05-28,46.7712
1089,2014-05-29,47.0161
1090,2014-05-30,47.1145
1091,2014-05-31,47.2677
1092,2014-06-03,47.5463
1093,2014-06-04,47.6296
1094,2014-06-05,47.8253
1095,2014-06-06,47.4908
1096,2014-06-07,47.3211
1097,2014-06-10,46.8746
1098,2014-06-11,46.7269
1099,2014-06-12,46.4764
1100,2014-06-17,46.8085
1101,2014-06-18,47.2121
1102,2014-06-19,47.1715
1103,2014-06-20,46.696
1104,2014-06-21,46.8821
1105,2014-06-24,46.6478
1106,2014-06-25,46.2212
1107,2014-06-26,46.1576
1108,2014-06-27,46.0226
1109,2014-06-28,45.8251
1110,2014-07-01,46.1827
1111,2014-07-02,46.8335
1112,2014-07-03,46.8398
1113,2014-07-04,46.6863
1114,2014-07-05,46.687
1115,2014-07-08,46.9448
1116,2014-07-09,46.8122
1117,2014-07-10,46.4146
1118,2014-07-11,46.1649
1119,2014-07-12,46.3328
1120,2014-07-15,46.6835
1121,2014-07-16,46.791
1122,2014-07-17,46.6299
1123,2014-07-18,47.0702
1124,2014-07-19,47.5505
1125,2014-07-22,47.5048
1126,2014-07-23,47.3758
1127,2014-07-24,46.8718
1128,2014-07-25,47.1702
1129,2014-07-26,47.2206
1130,2014-07-29,47.4799
1131,2014-07-30,47.8635
1132,2014-07-31,47.8958
1133,2014-08-01,47.4699
1134,2014-08-02,47.8244
1135,2014-08-05,47.8671
1136,2014-08-06,48.049
1137,2014-08-07,48.2432
1138,2014-08-08,48.4947
1139,2014-08-09,48.7722
1140,2014-08-12,48.2856
1141,2014-08-13,48.2402
1142,2014-08-14,48.411
1143,2014-08-15,48.1416
1144,2014-08-16,48.1231
1145,2014-08-19,48.2398
1146,2014-08-20,48.2133
1147,2014-08-21,48.1924
1148,2014-08-22,48.1686
1149,2014-08-23,47.8548
1150,2014-08-26,47.6641
1151,2014-08-27,47.7282
1152,2014-08-28,47.6177
1153,2014-08-29,47.952
1154,2014-08-30,48.6315
1155,2014-09-02,48.9677
1156,2014-09-03,49.0193
1157,2014-09-04,49.0213
1158,2014-09-05,48.3786
1159,2014-09-06,47.7806
1160,2014-09-09,47.9789
1161,2014-09-10,47.7118
1162,2014-09-11,48.0636
1163,2014-09-12,48.2484
1164,2014-09-13,48.6647
1165,2014-09-16,49.1958
1166,2014-09-17,50.0582
1167,2014-09-18,49.6923
1168,2014-09-19,49.4592
1169,2014-09-20,49.5379
1170,2014-09-23,49.6193
1171,2014-09-24,49.6912
1172,2014-09-25,49.3145
1173,2014-09-26,48.8449
1174,2014-09-27,49.3386
1175,2014-09-30,49.954
1176,2014-10-01,49.9817
1177,2014-10-02,50.0554
1178,2014-10-03,49.9484
1179,2014-10-04,50.2021
1180,2014-10-07,50.0775
1181,2014-10-08,50.2017
1182,2014-10-09,50.5091
1183,2014-10-10,50.9585
1184,2014-10-11,51.0538
1185,2014-10-14,51.0798
1186,2014-10-15,51.5141
1187,2014-10-16,51.7829
1188,2014-10-17,52.1504
1189,2014-10-18,52.5253
1190,2014-10-21,52.1198
1191,2014-10-22,52.6468
1192,2014-10-23,52.1388
1193,2014-10-24,52.4424
1194,2014-10-25,52.9065
1195,2014-10-28,53.2342
1196,2014-10-29,53.8693
1197,2014-10-30,54.3393
1198,2014-10-31,54.6378
1199,2014-11-01,52.7219
1200,2014-11-06,55.6234
1201,2014-11-07,56.545
1202,2014-11-08,59.3153
1203,2014-11-11,57.2418
1204,2014-11-12,57.0494
1205,2014-11-13,57.8575
1206,2014-11-14,57.4235
1207,2014-11-15,58.9793
1208,2014-11-18,59.3081
1209,2014-11-19,58.6448
1210,2014-11-20,58.909
1211,2014-11-21,58.5817
1212,2014-11-22,57.4377
1213,2014-11-25,55.5336
1214,2014-11-26,55.8779
1215,2014-11-27,57.9052
1216,2014-11-28,59.6215
1217,2014-11-29,61.4108
1218,2014-12-02,64.4425
1219,2014-12-03,63.2414
1220,2014-12-04,67.2652
1221,2014-12-05,64.8443
1222,2014-12-06,65.7168
1223,2014-12-09,65.4248
1224,2014-12-10,66.8809
1225,2014-12-11,67.1989
1226,2014-12-12,68.2942
1227,2014-12-13,70.5289
1228,2014-12-16,72.6642
1229,2014-12-17,76.1516
1230,2014-12-18,84.589
1231,2014-12-19,73.3414
1232,2014-12-20,74.5727
1233,2014-12-23,69.2503
1234,2014-12-24,66.7539
1235,2014-12-25,66.4031
1236,2014-12-26,64.3177
1237,2014-12-27,63.5131
1238,2014-12-30,69.059
1239,2014-12-31,68.3427
1240,2015-01-01,68.3681
1241,2015-01-13,74.3551
1242,2015-01-14,76.7735
1243,2015-01-15,77.9629
1244,2015-01-16,76.3352
1245,2015-01-17,75.8623
1246,2015-01-20,75.174
1247,2015-01-21,75.2735
1248,2015-01-22,75.8218
1249,2015-01-23,75.7724
1250,2015-01-24,71.9067
1251,2015-01-27,73.5633
1252,2015-01-28,76.2922
1253,2015-01-29,76.2629
1254,2015-01-30,77.569
1255,2015-01-31,78.1105
1256,2015-02-03,78.79
1257,2015-02-04,76.8271
1258,2015-02-05,75.0415
1259,2015-02-06,77.9356
1260,2015-02-07,75.6591
1261,2015-02-10,74.5833
1262,2015-02-11,74.1382
1263,2015-02-12,74.7386
1264,2015-02-13,74.8311
1265,2015-02-14,74.3675
1266,2015-02-17,71.5426
1267,2015-02-18,71.3243
1268,2015-02-19,71.08
1269,2015-02-20,70.9408
1270,2015-02-21,70.0315
1271,2015-02-25,71.9422
1272,2015-02-26,71.1655
1273,2015-02-27,68.9797
1274,2015-02-28,68.6857
1275,2015-03-03,69.5424
1276,2015-03-04,69.8487
1277,2015-03-05,69.1138
1278,2015-03-06,68.3086
1279,2015-03-07,66.1012
1280,2015-03-11,65.5242
1281,2015-03-12,66.9168
1282,2015-03-13,64.6232
1283,2015-03-14,64.965
1284,2015-03-17,65.4063
1285,2015-03-18,65.4314
1286,2015-03-19,65.0108
1287,2015-03-20,64.1446
1288,2015-03-21,64.0504
1289,2015-03-24,64.1473
1290,2015-03-25,64.3425
1291,2015-03-26,62.7651
1292,2015-03-27,62.0811
1293,2015-03-28,62.5655
1294,2015-03-31,63.3695
1295,2015-04-01,62.0487
1296,2015-04-02,62.7476
1297,2015-04-03,61.6919
1298,2015-04-04,61.7363
1299,2015-04-07,62.0377
1300,2015-04-08,60.4124
1301,2015-04-09,58.7003
1302,2015-04-10,56.5251
1303,2015-04-11,54.2749
1304,2015-04-14,55.5201
1305,2015-04-15,54.8387
1306,2015-04-16,53.6598
1307,2015-04-17,52.9087
1308,2015-04-18,54.5163
1309,2015-04-21,55.5496
1310,2015-04-22,57.5998
1311,2015-04-23,57.7226
1312,2015-04-24,55.1255
1313,2015-04-25,54.659
1314,2015-04-28,55.8747
1315,2015-04-29,56.9016
1316,2015-04-30,56.806
1317,2015-05-01,57.1578
1318,2015-05-06,57.4093
1319,2015-05-07,56.1843
1320,2015-05-08,57.2207
1321,2015-05-09,56.8971
1322,2015-05-13,57.1102
1323,2015-05-14,55.7138
1324,2015-05-15,57.1383
1325,2015-05-16,56.9881
1326,2015-05-19,56.103
1327,2015-05-20,55.1085
1328,2015-05-21,55.2441
1329,2015-05-22,55.5714
1330,2015-05-23,55.5508
1331,2015-05-26,54.7477
1332,2015-05-27,54.8412
1333,2015-05-28,55.6757
1334,2015-05-29,57.1433
1335,2015-05-30,58.0145
1336,2015-06-02,57.702
1337,2015-06-03,58.6037
1338,2015-06-04,59.113
1339,2015-06-05,61.9471
1340,2015-06-06,63.3221
1341,2015-06-09,62.5053
1342,2015-06-10,63.0721
1343,2015-06-11,62.2064
1344,2015-06-12,61.4754
1345,2015-06-16,62.1045
1346,2015-06-17,61.104
1347,2015-06-18,60.7452
1348,2015-06-19,60.6417
1349,2015-06-20,60.913
1350,2015-06-23,60.8567
1351,2015-06-24,61.0546
1352,2015-06-25,60.5852
1353,2015-06-26,61.1986
1354,2015-06-27,61.4066
1355,2015-06-30,61.5206
1356,2015-07-01,62.3803
1357,2015-07-02,61.6556
1358,2015-07-03,61.5661
1359,2015-07-04,61.7492
1360,2015-07-07,62.4246
1361,2015-07-08,63.0441
1362,2015-07-09,63.0822
1363,2015-07-10,63.043
1364,2015-07-11,62.9474
1365,2015-07-14,62.9819
1366,2015-07-15,62.6239
1367,2015-07-16,62.3986
1368,2015-07-17,62.1841
1369,2015-07-18,61.9183
1370,2015-07-21,61.6929
1371,2015-07-22,61.7622
1372,2015-07-23,62.3948
1373,2015-07-24,62.933
1374,2015-07-25,63.609
1375,2015-07-28,65.083
1376,2015-07-29,66.6248
1377,2015-07-30,65.9882
1378,2015-07-31,64.6478
1379,2015-08-01,66.0002
1380,2015-08-04,68.577
1381,2015-08-05,68.9961
1382,2015-08-06,68.1435
1383,2015-08-07,69.6314
1384,2015-08-08,69.8089
1385,2015-08-11,70.754
1386,2015-08-12,69.6762
1387,2015-08-13,72.2078
1388,2015-08-14,71.1475
1389,2015-08-15,72.365
1390,2015-08-18,72.5712
1391,2015-08-19,72.9187
1392,2015-08-20,72.7085
1393,2015-08-21,74.4738
1394,2015-08-22,76.6709
1395,2015-08-25,81.1533
1396,2015-08-26,80.7248
1397,2015-08-27,79.7252
1398,2015-08-28,76.3369
1399,2015-08-29,75.0469
1400,2015-09-01,74.8478
1401,2015-09-02,73.8449
1402,2015-09-03,75.0901
1403,2015-09-04,75.2659
1404,2015-09-05,75.4011
1405,2015-09-08,76.3692
1406,2015-09-09,76.9246
1407,2015-09-10,75.5742
1408,2015-09-11,76.6951
1409,2015-09-12,76.8165
1410,2015-09-15,77.1313
1411,2015-09-16,75.9013
1412,2015-09-17,74.2407
1413,2015-09-18,73.9378
1414,2015-09-19,74.9726
1415,2015-09-22,74.8304
1416,2015-09-23,73.9568
1417,2015-09-24,73.5367
1418,2015-09-25,74.5435
1419,2015-09-26,73.1397
1420,2015-09-29,73.2684
1421,2015-09-30,74.5825
1422,2015-10-01,73.776
1423,2015-10-02,72.4865
1424,2015-10-03,73.6302
1425,2015-10-06,73.7951
1426,2015-10-07,72.9468
1427,2015-10-08,70.4691
1428,2015-10-09,70.3052
1429,2015-10-10,69.345
1430,2015-10-13,69.5499
1431,2015-10-14,70.8977
1432,2015-10-15,72.0506
1433,2015-10-16,71.281
1434,2015-10-17,69.771
1435,2015-10-20,69.7796
1436,2015-10-21,70.529
1437,2015-10-22,71.1738
1438,2015-10-23,71.0895
1439,2015-10-24,68.7903
1440,2015-10-27,69.0104
1441,2015-10-28,70.2124
1442,2015-10-29,72.1479
1443,2015-10-30,70.1427
1444,2015-10-31,70.7537
1445,2015-11-03,70.3961
1446,2015-11-04,70.3782
1447,2015-11-06,68.8261
1448,2015-11-07,69.2555
1449,2015-11-10,69.6136
1450,2015-11-11,69.2394
1451,2015-11-12,69.3797
1452,2015-11-13,70.337
1453,2015-11-14,71.8184
1454,2015-11-17,71.3987
1455,2015-11-18,69.7819
1456,2015-11-19,69.0021
1457,2015-11-20,69.339
1458,2015-11-21,69.3886
1459,2015-11-24,69.7037
1460,2015-11-25,69.8076
1461,2015-11-26,69.8987
1462,2015-11-27,69.7034
1463,2015-11-28,70.3859
1464,2015-12-01,70.6478
1465,2015-12-02,70.1345
1466,2015-12-03,70.8647
1467,2015-12-04,71.7404
1468,2015-12-05,73.6721
1469,2015-12-08,74.4079
1470,2015-12-09,75.3111
1471,2015-12-10,75.5595
1472,2015-12-11,76.0674
1473,2015-12-12,75.7472
1474,2015-12-15,76.9659
1475,2015-12-16,78.2312
1476,2015-12-17,77.04
1477,2015-12-18,76.6788
1478,2015-12-19,77.4052
1479,2015-12-22,77.483
1480,2015-12-23,77.6145
1481,2015-12-24,77.5443
1482,2015-12-25,76.0441
1483,2015-12-26,77.05
1484,2015-12-29,77.6032
1485,2015-12-30,79.547
1486,2015-12-31,79.6972
1487,2016-01-01,79.6395
1488,2016-01-12,82.809
1489,2016-01-13,83.4372
1490,2016-01-14,82.7175
1491,2016-01-15,83.1499
1492,2016-01-16,83.2951
1493,2016-01-19,85.622
1494,2016-01-20,85.2988
1495,2016-01-21,87.0341
1496,2016-01-22,91.1814
1497,2016-01-23,87.2266
1498,2016-01-26,84.1603
1499,2016-01-27,88.8858
1500,2016-01-28,85.8459
1501,2016-01-29,84.137
1502,2016-01-30,81.9077
1503,2016-02-02,82.8141
1504,2016-02-03,84.9719
1505,2016-02-04,86.5115
1506,2016-02-05,84.8104
1507,2016-02-06,86.5754
1508,2016-02-09,85.6543
1509,2016-02-10,88.0435
1510,2016-02-11,89.2213
1511,2016-02-12,89.3439
1512,2016-02-13,89.8454
1513,2016-02-16,87.1905
1514,2016-02-17,85.0894
1515,2016-02-18,86.9588
1516,2016-02-19,84.0521
1517,2016-02-20,84.9187
1518,2016-02-21,85.8563
1519,2016-02-25,84.0779
1520,2016-02-26,84.2155
1521,2016-02-27,82.9748
1522,2016-03-01,83.1023
1523,2016-03-02,80.5333
1524,2016-03-03,79.9721
1525,2016-03-04,80.21
1526,2016-03-05,80.1161
1527,2016-03-10,79.4488
1528,2016-03-11,77.9817
1529,2016-03-12,78.4131
1530,2016-03-15,78.1798
1531,2016-03-16,78.3285
1532,2016-03-17,78.7532
1533,2016-03-18,77.1572
1534,2016-03-19,77.1992
1535,2016-03-22,77.4647
1536,2016-03-23,76.14
1537,2016-03-24,75.6902
1538,2016-03-25,76.929
1539,2016-03-26,76.4004
1540,2016-03-29,75.6975
1541,2016-03-30,76.8611
1542,2016-03-31,76.5386
1543,2016-04-01,76.9207
1544,2016-04-02,76.4266
1545,2016-04-05,78.1662
1546,2016-04-06,78.2798
1547,2016-04-07,77.813
1548,2016-04-08,77.3688
1549,2016-04-09,76.6888
1550,2016-04-12,76.4957
1551,2016-04-13,75.8529
1552,2016-04-14,74.6578
1553,2016-04-15,74.794
1554,2016-04-16,74.3405
1555,2016-04-19,77.1273
1556,2016-04-20,74.3719
1557,2016-04-21,75.0107
1558,2016-04-22,73.4592
1559,2016-04-23,74.6959
1560,2016-04-26,74.9515
1561,2016-04-27,74.9024
1562,2016-04-28,73.8023
1563,2016-04-29,73.9166
1564,2016-04-30,73.3015
1565,2016-05-05,76.0512
1566,2016-05-06,75.5713
1567,2016-05-07,75.5789
1568,2016-05-11,75.5406
1569,2016-05-12,75.4505
1570,2016-05-13,74.1137
1571,2016-05-14,73.6248
1572,2016-05-17,73.4549
1573,2016-05-18,73.1006
1574,2016-05-19,73.3077
1575,2016-05-20,74.2755
1576,2016-05-21,74.4623
1577,2016-05-24,75.2675
1578,2016-05-25,75.0349
1579,2016-05-26,73.4596
1580,2016-05-27,72.8418
1581,2016-05-28,73.8474
1582,2016-05-31,73.497
1583,2016-06-01,73.4406
1584,2016-06-02,74.2098
1585,2016-06-03,74.8191
1586,2016-06-04,74.561
1587,2016-06-07,74.6907
1588,2016-06-08,74.1164
1589,2016-06-09,73.5538
1590,2016-06-10,72.5682
1591,2016-06-11,73.1909
1592,2016-06-15,74.3174
1593,2016-06-16,73.9441
1594,2016-06-17,74.246
1595,2016-06-18,73.5609
1596,2016-06-21,72.7792
1597,2016-06-22,72.7865
1598,2016-06-23,71.8082
1599,2016-06-24,72.9016
1600,2016-06-25,72.6582
1601,2016-06-28,71.942
1602,2016-06-29,71.7117
1603,2016-06-30,71.2102
1604,2016-07-01,71.2926
1605,2016-07-02,71.0519
1606,2016-07-05,70.8553
1607,2016-07-06,71.6327
1608,2016-07-07,71.5135
1609,2016-07-08,70.9482
1610,2016-07-09,71.1684
1611,2016-07-12,70.8152
1612,2016-07-13,70.9833
1613,2016-07-14,70.5577
1614,2016-07-15,70.5644
1615,2016-07-16,70.3395
1616,2016-07-19,69.7741
1617,2016-07-20,69.6974
1618,2016-07-21,69.6967
1619,2016-07-22,70.3022
1620,2016-07-23,71.2513
1621,2016-07-26,71.209
1622,2016-07-27,72.3478
1623,2016-07-28,72.515
1624,2016-07-29,73.4047
1625,2016-07-30,74.3799
1626,2016-08-02,73.6523
1627,2016-08-03,74.9007
1628,2016-08-04,74.7978
1629,2016-08-05,73.9232
1630,2016-08-06,73.0303
1631,2016-08-09,72.1476
1632,2016-08-10,71.7556
1633,2016-08-11,72.2349
1634,2016-08-12,72.4644
1635,2016-08-13,71.7158
1636,2016-08-16,71.7263
1637,2016-08-17,71.9645
1638,2016-08-18,72.0832
1639,2016-08-19,71.9371
1640,2016-08-20,72.4558
1641,2016-08-23,72.4457
1642,2016-08-24,73.4733
1643,2016-08-25,73.2074
1644,2016-08-26,73.2135
1645,2016-08-27,73.0892
1646,2016-08-30,72.7996
1647,2016-08-31,72.5013
1648,2016-09-01,72.6859
1649,2016-09-02,72.6828
1650,2016-09-03,73.7199
1651,2016-09-06,72.3742
1652,2016-09-07,72.3639
1653,2016-09-08,72.4022
1654,2016-09-09,72.0464
1655,2016-09-10,72.3359
1656,2016-09-13,73.1986
1657,2016-09-14,72.7559
1658,2016-09-15,72.946
1659,2016-09-16,73.2126
1660,2016-09-17,73.0208
1661,2016-09-20,72.4477
1662,2016-09-21,72.5279
1663,2016-09-22,71.8404
1664,2016-09-23,71.6728
1665,2016-09-24,71.5854
1666,2016-09-27,72.0604
1667,2016-09-28,71.6409
1668,2016-09-29,71.5738
1669,2016-09-30,70.8823
1670,2016-10-01,70.9338
1671,2016-10-04,70.2411
1672,2016-10-05,69.7556
1673,2016-10-06,70.0782
1674,2016-10-07,69.8518
1675,2016-10-08,69.2312
1676,2016-10-11,69.7253
1677,2016-10-12,69.1231
1678,2016-10-13,69.1173
1679,2016-10-14,69.7255
1680,2016-10-15,69.3746
1681,2016-10-18,69.3587
1682,2016-10-19,69.2608
1683,2016-10-20,68.7674
1684,2016-10-21,68.4741
1685,2016-10-22,68.0267
1686,2016-10-25,67.7302
1687,2016-10-26,67.4958
1688,2016-10-27,67.9253
1689,2016-10-28,68.7576
1690,2016-10-29,68.6783
1691,2016-11-01,69.2863
1692,2016-11-02,69.3647
1693,2016-11-03,70.2339
1694,2016-11-04,70.5977
1695,2016-11-08,70.6944
1696,2016-11-09,70.4542
1697,2016-11-10,71.3491
1698,2016-11-11,69.3392
1699,2016-11-12,71.1253
1700,2016-11-15,71.0488
1701,2016-11-16,70.6156
1702,2016-11-17,69.2388
1703,2016-11-18,69.4984
1704,2016-11-19,68.9889
1705,2016-11-22,68.3611
1706,2016-11-23,67.5413
1707,2016-11-24,68.054
1708,2016-11-25,68.0855
1709,2016-11-26,68.4363
1710,2016-11-29,69.1608
1711,2016-11-30,68.8416
1712,2016-12-01,69.3417
1713,2016-12-02,67.6162
1714,2016-12-03,68.4703
1715,2016-12-06,67.766
1716,2016-12-07,68.6902
1717,2016-12-08,68.5002
1718,2016-12-09,68.2458
1719,2016-12-10,67.2086
1720,2016-12-13,65.072
1721,2016-12-14,64.9774
1722,2016-12-15,64.7543
1723,2016-12-16,64.6139
1724,2016-12-17,64.4809
1725,2016-12-20,64.6727
1726,2016-12-21,64.2006
1727,2016-12-22,63.6086
1728,2016-12-23,63.5604
1729,2016-12-24,63.5425
1730,2016-12-27,63.7285
1731,2016-12-28,63.573
1732,2016-12-29,63.4879
1733,2016-12-30,63.0214
1734,2016-12-31,63.8111
1735,2017-01-10,63.1125
1736,2017-01-11,63.5445
1737,2017-01-12,63.5184
1738,2017-01-13,63.2759
1739,2017-01-14,63.1222
1740,2017-01-17,63.2308
1741,2017-01-18,63.2864
1742,2017-01-19,63.2252
1743,2017-01-20,63.1803
1744,2017-01-21,63.7272
1745,2017-01-24,63.9424
1746,2017-01-25,63.6225
1747,2017-01-26,63.4254
1748,2017-01-27,64.0248
1749,2017-01-28,64.3429
1750,2017-01-31,64.4333
1751,2017-02-01,64.285
1752,2017-02-02,65.0322
1753,2017-02-03,64.7307
1754,2017-02-04,63.8156
1755,2017-02-07,63.1566
1756,2017-02-08,63.2362
1757,2017-02-09,63.4467
1758,2017-02-10,63.0253
1759,2017-02-11,62.6824
1760,2017-02-14,61.7662
1761,2017-02-15,61.2955
1762,2017-02-16,60.0249
1763,2017-02-17,60.654
1764,2017-02-18,61.4496
1765,2017-02-21,61.6987
1766,2017-02-22,61.209
1767,2017-02-23,60.4535
1768,2017-02-28,61.2569
1769,2017-03-01,61.3883
1770,2017-03-02,61.5417
1771,2017-03-03,61.5198
1772,2017-03-04,61.985
1773,2017-03-07,61.8606
1774,2017-03-08,61.7063
1775,2017-03-10,61.9911
1776,2017-03-11,62.7408
1777,2017-03-14,63.2661
1778,2017-03-15,62.7447
1779,2017-03-16,62.8428
1780,2017-03-17,62.4897
1781,2017-03-18,62.3722
1782,2017-03-21,61.6956
1783,2017-03-22,61.7308
1784,2017-03-23,62.2699
1785,2017-03-24,62.0959
1786,2017-03-25,61.8636
1787,2017-03-28,61.9615
1788,2017-03-29,61.8102
1789,2017-03-30,61.5347
1790,2017-03-31,60.595
1791,2017-04-01,59.8107
1792,2017-04-04,59.8953
1793,2017-04-05,60.2427
1794,2017-04-06,59.6948
1795,2017-04-07,60.0827
1796,2017-04-08,60.5687
1797,2017-04-11,60.7469
1798,2017-04-12,60.3042
1799,2017-04-13,60.2631
1800,2017-04-14,60.2867
1801,2017-04-15,59.7791
1802,2017-04-18,59.8393
1803,2017-04-19,59.6124
1804,2017-04-20,60.2649
1805,2017-04-21,60.6139
1806,2017-04-22,60.3187
1807,2017-04-25,60.8461
1808,2017-04-26,60.7932
1809,2017-04-27,61.5052
1810,2017-04-28,62.1664
1811,2017-04-29,62.044
1812,2017-05-03,62.1515
1813,2017-05-04,62.3224
1814,2017-05-05,62.7298
1815,2017-05-06,64.2398
1816,2017-05-11,63.2634
1817,2017-05-12,62.1595
1818,2017-05-13,62.0915
1819,2017-05-16,61.8449
1820,2017-05-17,62.0382
1821,2017-05-18,62.9568
1822,2017-05-19,63.9967
1823,2017-05-20,63.6479
1824,2017-05-23,63.1713
1825,2017-05-24,63.6189
1826,2017-05-25,62.9203
1827,2017-05-26,63.0116
1828,2017-05-27,63.6689
1829,2017-05-30,63.3684
1830,2017-05-31,62.9484
1831,2017-06-01,63.4107
1832,2017-06-02,63.531
1833,2017-06-03,63.6092
1834,2017-06-06,63.811
1835,2017-06-07,63.7817
1836,2017-06-08,63.7179
1837,2017-06-09,64.1488
1838,2017-06-10,63.7852
1839,2017-06-14,63.7729
1840,2017-06-15,63.9481
1841,2017-06-16,64.2795
1842,2017-06-17,64.4561
1843,2017-06-20,64.8614
1844,2017-06-21,65.321
1845,2017-06-22,66.798
1846,2017-06-23,67.1495
1847,2017-06-24,66.678
1848,2017-06-27,66.0816
1849,2017-06-28,65.9563
1850,2017-06-29,67.6868
1851,2017-06-30,67.4993
1852,2017-07-01,67.8072
1853,2017-07-04,67.2016
1854,2017-07-05,67.2966
1855,2017-07-06,67.6754
1856,2017-07-07,68.3814
1857,2017-07-08,68.947
1858,2017-07-11,68.7737
1859,2017-07-12,69.2007
1860,2017-07-13,69.4494
1861,2017-07-14,68.8139
1862,2017-07-15,68.3597
1863,2017-07-18,67.6184
1864,2017-07-19,68.4008
1865,2017-07-20,68.2762
1866,2017-07-21,68.0037
1867,2017-07-22,68.6623
1868,2017-07-25,69.4708
1869,2017-07-26,69.7005
1870,2017-07-27,69.6816
1871,2017-07-28,69.6406
1872,2017-07-29,69.6779
1873,2017-08-01,70.4603
1874,2017-08-02,70.7313
1875,2017-08-03,71.6866
1876,2017-08-04,71.9527
1877,2017-08-05,71.6879
1878,2017-08-08,70.8414
1879,2017-08-09,70.8405
1880,2017-08-10,70.4183
1881,2017-08-11,70.2677
1882,2017-08-12,70.7502
1883,2017-08-15,70.6645
1884,2017-08-16,70.3718
1885,2017-08-17,69.9958
1886,2017-08-18,69.6531
1887,2017-08-19,69.7197
1888,2017-08-22,69.4314
1889,2017-08-23,69.59
1890,2017-08-24,69.5619
1891,2017-08-25,69.7434
1892,2017-08-26,69.6995
1893,2017-08-29,69.8465
1894,2017-08-30,70.4316
1895,2017-08-31,70.2007
1896,2017-09-01,69.6222
1897,2017-09-02,68.9992
1898,2017-09-05,68.7256
1899,2017-09-06,68.7782
1900,2017-09-07,68.4165
1901,2017-09-08,68.2436
1902,2017-09-09,68.6923
1903,2017-09-12,68.649
1904,2017-09-13,68.5469
1905,2017-09-14,69.0977
1906,2017-09-15,68.695
1907,2017-09-16,68.5801
1908,2017-09-19,68.7514
1909,2017-09-20,69.6785
1910,2017-09-21,69.7664
1911,2017-09-22,69.2635
1912,2017-09-23,69.0737
1913,2017-09-26,68.5553
1914,2017-09-27,68.0215
1915,2017-09-28,68.1678
1916,2017-09-29,68.6441
1917,2017-09-30,68.4483
1918,2017-10-03,67.9076
1919,2017-10-04,67.9839
1920,2017-10-05,67.9357
1921,2017-10-06,67.7787
1922,2017-10-07,67.5344
1923,2017-10-10,68.3861
1924,2017-10-11,68.3557
1925,2017-10-12,68.5032
1926,2017-10-13,68.4455
1927,2017-10-14,68.1409
1928,2017-10-17,67.2988
1929,2017-10-18,67.4596
1930,2017-10-19,67.3577
1931,2017-10-20,67.9333
1932,2017-10-21,67.8927
1933,2017-10-24,67.5567
1934,2017-10-25,67.6856
1935,2017-10-26,67.7713
1936,2017-10-27,68.289
1937,2017-10-28,67.5276
1938,2017-10-31,67.2179
1939,2017-11-01,67.6434
1940,2017-11-02,67.7107
1941,2017-11-03,67.677
1942,2017-11-04,68.0822
1943,2017-11-08,67.7677
1944,2017-11-09,68.704
1945,2017-11-10,68.7865
1946,2017-11-11,68.9791
1947,2017-11-14,68.9178
1948,2017-11-15,69.6787
1949,2017-11-16,71.1721
1950,2017-11-17,70.704
1951,2017-11-18,70.3604
1952,2017-11-21,69.6654
1953,2017-11-22,69.8184
1954,2017-11-23,69.403
1955,2017-11-24,69.1783
1956,2017-11-25,69.3309
1957,2017-11-28,69.4957
1958,2017-11-29,69.4934
1959,2017-11-30,69.204
1960,2017-12-01,69.5185
1961,2017-12-02,69.7478
1962,2017-12-05,69.9104
1963,2017-12-06,69.6327
1964,2017-12-07,69.706
1965,2017-12-08,69.9323
1966,2017-12-09,69.6434
1967,2017-12-12,69.8023
1968,2017-12-13,69.2982
1969,2017-12-14,69.4653
1970,2017-12-15,69.4048
1971,2017-12-16,69.4298
1972,2017-12-19,69.0946
1973,2017-12-20,69.1735
1974,2017-12-21,69.5033
1975,2017-12-22,69.522
1976,2017-12-23,69.1268
1977,2017-12-26,69.0937
1978,2017-12-27,68.5422
1979,2017-12-28,68.2328
1980,2017-12-29,68.7861
1981,2017-12-30,68.8668
1982,2018-01-10,68.2103
1983,2018-01-11,67.8841
1984,2018-01-12,68.0586
1985,2018-01-13,68.2562
1986,2018-01-16,68.8174
1987,2018-01-17,69.0243
1988,2018-01-18,69.173
1989,2018-01-19,69.2582
1990,2018-01-20,69.3953
1991,2018-01-23,69.265
1992,2018-01-24,69.0702
1993,2018-01-25,69.4484
1994,2018-01-26,69.458
1995,2018-01-27,69.6073
1996,2018-01-30,69.8513
1997,2018-01-31,69.5424
1998,2018-02-01,69.9322
1999,2018-02-02,69.7921
2000,2018-02-03,70.0958
2001,2018-02-06,70.4959
2002,2018-02-07,70.9294
2003,2018-02-08,70.531
2004,2018-02-09,70.7713
2005,2018-02-10,71.3943
2006,2018-02-13,71.245
2007,2018-02-14,71.167
2008,2018-02-15,71.2329
2009,2018-02-16,70.6718
2010,2018-02-17,70.6471
2011,2018-02-20,69.9001
2012,2018-02-21,69.8928
2013,2018-02-22,69.8087
2014,2018-02-23,69.6341
2015,2018-02-27,68.9224
2016,2018-02-28,68.6599
2017,2018-03-01,68.9062
2018,2018-03-02,68.8826
2019,2018-03-03,69.4671
2020,2018-03-06,70.1702
2021,2018-03-07,69.7317
2022,2018-03-08,70.5299
2023,2018-03-13,69.7972
2024,2018-03-14,70.1564
2025,2018-03-15,70.5338
2026,2018-03-16,70.5151
2027,2018-03-17,70.8099
2028,2018-03-20,70.6049
2029,2018-03-21,71.2347
2030,2018-03-22,70.5699
2031,2018-03-23,70.31
2032,2018-03-24,70.4303
2033,2018-03-27,70.5708
2034,2018-03-28,71.2625
2035,2018-03-29,71.3339
2036,2018-03-30,71.0942
2037,2018-03-31,70.5618
2038,2018-04-03,70.6038
2039,2018-04-04,70.9207
2040,2018-04-05,70.958
2041,2018-04-06,70.5926
2042,2018-04-07,70.7069
2043,2018-04-10,71.8847
2044,2018-04-11,76.8522
2045,2018-04-12,79.2839
2046,2018-04-13,76.7569
2047,2018-04-14,75.7507
2048,2018-04-17,76.8403
2049,2018-04-18,75.8448
2050,2018-04-19,76.0868
2051,2018-04-20,75.4034
2052,2018-04-21,75.6532
2053,2018-04-24,75.7924
2054,2018-04-25,75.2121
2055,2018-04-26,75.3281
2056,2018-04-27,76.1812
2057,2018-04-28,75.7605
2058,2018-04-29,75.2056
2059,2018-05-04,76.1261
2060,2018-05-05,75.6392
2061,2018-05-08,74.8125
2062,2018-05-09,75.0409
2063,2018-05-11,74.1772
2064,2018-05-12,73.5145
2065,2018-05-15,73.943
2066,2018-05-16,73.8601
2067,2018-05-17,73.7796
2068,2018-05-18,73.0236
2069,2018-05-19,73.1769
2070,2018-05-22,73.3321
2071,2018-05-23,72.239
2072,2018-05-24,72.1826
2073,2018-05-25,72.0082
2074,2018-05-26,72.1183
2075,2018-05-29,72.8322
2076,2018-05-30,72.5269
2077,2018-05-31,72.5211
2078,2018-06-01,72.5806
2079,2018-06-02,72.7183
2080,2018-06-05,72.4384
2081,2018-06-06,72.513
2082,2018-06-07,72.8637
2083,2018-06-08,73.0686
2084,2018-06-09,73.7916
2085,2018-06-10,73.3654
2086,2018-06-14,74.1365
2087,2018-06-15,73.5621
2088,2018-06-16,72.5329
2089,2018-06-19,73.4825
2090,2018-06-20,74.1847
2091,2018-06-21,73.6118
2092,2018-06-22,73.6871
2093,2018-06-23,73.7247
2094,2018-06-26,73.3112
2095,2018-06-27,73.4087
2096,2018-06-28,73.6038
2097,2018-06-29,73.0884
2098,2018-06-30,72.9921
2099,2018-07-03,73.469
2100,2018-07-04,73.7012
2101,2018-07-05,73.7097
2102,2018-07-06,73.9641
2103,2018-07-07,73.9028
2104,2018-07-10,73.9365
2105,2018-07-11,73.347
2106,2018-07-12,72.8472
2107,2018-07-13,72.6817
2108,2018-07-14,72.4659
2109,2018-07-17,72.7955
2110,2018-07-18,73.2427
2111,2018-07-19,73.1345
2112,2018-07-20,73.4808
2113,2018-07-21,73.9327
2114,2018-07-24,74.1286
2115,2018-07-25,73.5261
2116,2018-07-26,73.751
2117,2018-07-27,73.8181
2118,2018-07-28,73.3442
2119,2018-07-31,73.2021
2120,2018-08-01,73.0738
2121,2018-08-02,73.1064
2122,2018-08-03,73.4206
2123,2018-08-04,73.4744
2124,2018-08-07,73.4095
2125,2018-08-08,73.5632
2126,2018-08-09,73.8211
2127,2018-08-10,76.825
2128,2018-08-11,76.676
2129,2018-08-14,77.6519
2130,2018-08-15,76.2325
2131,2018-08-16,75.2253
2132,2018-08-17,76.0576
2133,2018-08-18,76.1848
2134,2018-08-21,76.7204
2135,2018-08-22,77.3491
2136,2018-08-23,78.1983
2137,2018-08-24,79.2502
2138,2018-08-25,78.4072
2139,2018-08-28,78.2269
2140,2018-08-29,78.76
2141,2018-08-30,79.5594
2142,2018-08-31,79.6765
2143,2018-09-01,79.4966
2144,2018-09-04,78.6376
2145,2018-09-05,79.02
2146,2018-09-06,79.1362
2147,2018-09-07,79.3685
2148,2018-09-08,80.3562
2149,2018-09-11,80.6702
2150,2018-09-12,81.3942
2151,2018-09-13,80.6488
2152,2018-09-14,79.7699
2153,2018-09-15,79.9521
2154,2018-09-18,79.3595
2155,2018-09-19,79.1749
2156,2018-09-20,78.3613
2157,2018-09-21,77.7529
2158,2018-09-22,78.0753
2159,2018-09-25,77.6844
2160,2018-09-26,77.3832
2161,2018-09-27,77.3846
2162,2018-09-28,77.0407
2163,2018-09-29,76.2294
2164,2018-10-02,75.9877
2165,2018-10-03,75.2272
2166,2018-10-04,75.7353
2167,2018-10-05,76.0505
2168,2018-10-06,76.661
2169,2018-10-09,76.987
2170,2018-10-10,76.211
2171,2018-10-11,76.071
2172,2018-10-12,77.0824
2173,2018-10-13,76.5047
2174,2018-10-16,76.054
2175,2018-10-17,75.9236
2176,2018-10-18,75.6512
2177,2018-10-19,75.5692
2178,2018-10-20,75.3241
2179,2018-10-23,75.3702
2180,2018-10-24,74.8584
2181,2018-10-25,75.0806
2182,2018-10-26,74.9851
2183,2018-10-27,74.6658
2184,2018-10-30,75.0399
2185,2018-10-31,74.7918
2186,2018-11-01,74.4189
2187,2018-11-02,74.5803
2188,2018-11-03,74.9906
2189,2018-11-07,75.3158
2190,2018-11-08,75.6817
2191,2018-11-09,75.6711
2192,2018-11-10,75.8076
2193,2018-11-13,76.0926
2194,2018-11-14,76.0737
2195,2018-11-15,76.7556
2196,2018-11-16,75.5358
2197,2018-11-17,74.9022
2198,2018-11-20,75.3218
2199,2018-11-21,75.1825
2200,2018-11-22,75.1483
2201,2018-11-23,74.8048
2202,2018-11-24,74.9385
2203,2018-11-27,75.5655
2204,2018-11-28,75.6217
2205,2018-11-29,75.5191
2206,2018-11-30,75.8897
2207,2018-12-01,75.7484
2208,2018-12-04,75.3874
2209,2018-12-05,75.6562
2210,2018-12-06,75.7051
2211,2018-12-07,75.6071
2212,2018-12-08,76.0777
2213,2018-12-11,75.7075
2214,2018-12-12,75.6197
2215,2018-12-13,75.2168
2216,2018-12-14,75.3916
2217,2018-12-15,75.389
2218,2018-12-18,75.3814
2219,2018-12-19,75.7761
2220,2018-12-20,76.4742
2221,2018-12-21,76.9377
2222,2018-12-22,77.9717
2223,2018-12-25,77.8886
2224,2018-12-26,78.4309
2225,2018-12-27,78.5237
2226,2018-12-28,78.388
2227,2018-12-29,79.6581
2228,2018-12-30,79.4605
2229,2019-01-10,76.9066
2230,2019-01-11,77.2105
2231,2019-01-12,77.1282
2232,2019-01-15,77.0692
2233,2019-01-16,76.9498
2234,2019-01-17,76.135
2235,2019-01-18,75.633
2236,2019-01-19,75.5841
2237,2019-01-22,75.5481
2238,2019-01-23,75.5541
2239,2019-01-24,75.3861
2240,2019-01-25,75.0306
2241,2019-01-26,74.6312
2242,2019-01-29,75.1932
2243,2019-01-30,75.8811
2244,2019-01-31,75.5706
2245,2019-02-01,75.2006
2246,2019-02-02,75.148
2247,2019-02-05,75.0565
2248,2019-02-06,74.9127
2249,2019-02-07,74.7703
2250,2019-02-08,74.9656
2251,2019-02-09,74.8954
2252,2019-02-12,74.3243
2253,2019-02-13,74.1459
2254,2019-02-14,74.3872
2255,2019-02-15,75.0471
2256,2019-02-16,75.2492
2257,2019-02-19,74.9055
2258,2019-02-20,74.8151
2259,2019-02-21,74.6816
2260,2019-02-22,74.2963
2261,2019-02-23,74.3332
2262,2019-02-26,74.0876
2263,2019-02-27,74.4898
2264,2019-02-28,74.8249
2265,2019-03-01,74.9691
2266,2019-03-02,74.8048
2267,2019-03-05,74.7438
2268,2019-03-06,74.5058
2269,2019-03-07,74.4158
2270,2019-03-08,74.573
2271,2019-03-12,74.2896
2272,2019-03-13,74.0672
2273,2019-03-14,74.0237
2274,2019-03-15,74.0613
2275,2019-03-16,74.0686
2276,2019-03-19,73.361
2277,2019-03-20,72.9995
2278,2019-03-21,72.9389
2279,2019-03-22,72.787
2280,2019-03-23,72.59
2281,2019-03-26,72.9229
2282,2019-03-27,72.5808
2283,2019-03-28,72.7182
2284,2019-03-29,72.8884
2285,2019-03-30,72.723
2286,2019-04-02,73.4967
2287,2019-04-03,73.3162
2288,2019-04-04,73.1725
2289,2019-04-05,73.4223
2290,2019-04-06,73.4392
2291,2019-04-09,73.3617
2292,2019-04-10,72.9708
2293,2019-04-11,72.946
2294,2019-04-12,72.6551
2295,2019-04-13,72.8398
2296,2019-04-16,72.7018
2297,2019-04-17,72.6515
2298,2019-04-18,72.3602
2299,2019-04-19,72.244
2300,2019-04-20,71.9232
2301,2019-04-23,71.721
2302,2019-04-24,71.7453
2303,2019-04-25,71.715
2304,2019-04-26,72.1111
2305,2019-04-27,72.0882
2306,2019-04-30,72.2024
2307,2019-05-01,72.3096
2308,2019-05-07,73.1099
2309,2019-05-08,73.0817
2310,2019-05-09,73.0888
2311,2019-05-14,73.5231
2312,2019-05-15,73.3712
2313,2019-05-16,72.6891
2314,2019-05-17,72.3651
2315,2019-05-18,72.2464
2316,2019-05-21,71.9631
2317,2019-05-22,71.9654
2318,2019-05-23,71.8427
2319,2019-05-24,71.8369
2320,2019-05-25,72.3186
2321,2019-05-28,72.1863
2322,2019-05-29,72.168
2323,2019-05-30,72.4118
2324,2019-05-31,72.4229
2325,2019-06-01,72.8436
2326,2019-06-04,73.218
2327,2019-06-05,73.4239
2328,2019-06-06,73.369
2329,2019-06-07,73.2708
2330,2019-06-08,73.2605
2331,2019-06-11,73.2148
2332,2019-06-12,73.0448
2333,2019-06-14,73.0141
2334,2019-06-15,72.6993
2335,2019-06-18,72.1077
2336,2019-06-19,72.2291
2337,2019-06-20,71.6377
2338,2019-06-21,71.5457
2339,2019-06-22,71.349
2340,2019-06-25,71.5973
2341,2019-06-26,71.2323
2342,2019-06-27,71.3816
2343,2019-06-28,71.6635
2344,2019-06-29,71.8179
2345,2019-07-02,71.3962
2346,2019-07-03,71.408
2347,2019-07-04,71.6034
2348,2019-07-05,71.542
2349,2019-07-06,71.6593
2350,2019-07-09,71.7067
2351,2019-07-10,71.4626
2352,2019-07-11,71.5631
2353,2019-07-12,71.0073
2354,2019-07-13,71.0114
2355,2019-07-16,70.8574
2356,2019-07-17,70.6771
2357,2019-07-18,70.5552
2358,2019-07-19,70.6068
2359,2019-07-20,70.7941
2360,2019-07-23,70.6546
2361,2019-07-24,70.635
2362,2019-07-25,70.3241
2363,2019-07-26,70.294
2364,2019-07-27,70.311
2365,2019-07-30,70.6417
2366,2019-07-31,70.598
2367,2019-08-01,70.7355
2368,2019-08-02,70.4727
2369,2019-08-03,71.7077
2370,2019-08-06,72.3732
2371,2019-08-07,73.073
2372,2019-08-08,72.8914
2373,2019-08-09,73.0432
2374,2019-08-10,73.0196
2375,2019-08-13,73.1231
2376,2019-08-14,73.4149
2377,2019-08-15,72.9037
2378,2019-08-16,73.455
2379,2019-08-17,73.2227
2380,2019-08-20,73.9484
2381,2019-08-21,73.9766
2382,2019-08-22,73.4989
2383,2019-08-23,72.8312
2384,2019-08-24,72.6243
2385,2019-08-27,73.3955
2386,2019-08-28,73.6091
2387,2019-08-29,73.6583
2388,2019-08-30,73.9558
2389,2019-08-31,73.3847
2390,2019-09-03,73.1726
2391,2019-09-04,73.2032
2392,2019-09-05,73.0638
2393,2019-09-06,72.8761
2394,2019-09-07,72.8883
2395,2019-09-10,72.33
2396,2019-09-11,72.3039
2397,2019-09-12,72.224
2398,2019-09-13,71.8273
2399,2019-09-14,71.5307
2400,2019-09-17,70.6695
2401,2019-09-18,70.604
2402,2019-09-19,71.2391
2403,2019-09-20,70.9373
2404,2019-09-21,70.5975
2405,2019-09-24,70.2759
2406,2019-09-25,70.0193
2407,2019-09-26,70.5868
2408,2019-09-27,70.3834
2409,2019-09-28,70.3161
2410,2019-10-01,70.7169
2411,2019-10-02,70.8449
2412,2019-10-03,71.4669
2413,2019-10-04,71.2991
2414,2019-10-05,71.3509
2415,2019-10-08,71.1464
2416,2019-10-09,71.2372
2417,2019-10-10,71.4511
2418,2019-10-11,71.2999
2419,2019-10-12,70.7296
2420,2019-10-15,70.9305
2421,2019-10-16,70.8473
2422,2019-10-17,71.0503
2423,2019-10-18,70.9023
2424,2019-10-19,71.1299
2425,2019-10-22,71.1696
2426,2019-10-23,70.9196
2427,2019-10-24,70.9644
2428,2019-10-25,71.14
2429,2019-10-26,71.1194
2430,2019-10-29,70.8382
2431,2019-10-30,70.7769
2432,2019-10-31,71.0081
2433,2019-11-01,71.1918
2434,2019-11-02,71.4785
2435,2019-11-06,70.4203
2436,2019-11-07,70.4301
2437,2019-11-08,70.5489
2438,2019-11-09,70.4211
2439,2019-11-12,70.4759
2440,2019-11-13,70.4235
2441,2019-11-14,70.6724
2442,2019-11-15,70.6761
2443,2019-11-16,70.4111
2444,2019-11-19,70.5313
2445,2019-11-20,70.6286
2446,2019-11-21,70.8524
2447,2019-11-22,70.6997
2448,2019-11-23,70.5207
2449,2019-11-26,70.3122
2450,2019-11-27,70.5159
2451,2019-11-28,70.4398
2452,2019-11-29,70.5747
2453,2019-11-30,70.5475
2454,2019-12-03,70.973
2455,2019-12-04,71.0608
2456,2019-12-05,71.1086
2457,2019-12-06,70.7245
2458,2019-12-07,70.7594
2459,2019-12-10,70.5047
2460,2019-12-11,70.3881
2461,2019-12-12,70.4558
2462,2019-12-13,70.4271
2463,2019-12-14,69.8608
2464,2019-12-17,69.9431
2465,2019-12-18,69.6801
2466,2019-12-19,69.6925
2467,2019-12-20,69.5877
2468,2019-12-21,69.378
2469,2019-12-24,68.9978
2470,2019-12-25,68.9062
2471,2019-12-26,68.4065
2472,2019-12-27,68.5003
2473,2019-12-28,69.0349
2474,2019-12-31,69.3406
2475,2020-01-01,69.3777
2476,2020-01-10,68.0555
2477,2020-01-11,68.045
2478,2020-01-14,67.8162
2479,2020-01-15,68.4213
2480,2020-01-16,68.3747
2481,2020-01-17,68.656
2482,2020-01-18,68.5358
2483,2020-01-21,68.2082
2484,2020-01-22,68.6222
2485,2020-01-23,68.5186
2486,2020-01-24,68.6856
2487,2020-01-25,68.2924
2488,2020-01-28,68.7775
2489,2020-01-29,69.226
2490,2020-01-30,68.6764
2491,2020-01-31,69.4151
2492,2020-02-01,69.5976
2493,2020-02-04,70.7921
2494,2020-02-05,70.1265
2495,2020-02-06,69.7443
2496,2020-02-07,69.0837
2497,2020-02-08,69.6288
2498,2020-02-11,69.8226
2499,2020-02-12,69.7684
2500,2020-02-13,68.7843
2501,2020-02-14,69.1795
2502,2020-02-15,68.771
2503,2020-02-18,68.6201
2504,2020-02-19,69.0882
2505,2020-02-20,68.7823
2506,2020-02-21,68.7705
2507,2020-02-22,69.4191
2508,2020-02-26,70.4591
2509,2020-02-27,71.2439
2510,2020-02-28,71.6458
2511,2020-02-29,73.7235
2512,2020-03-03,73.4178
2513,2020-03-04,73.9385
2514,2020-03-05,73.7369
2515,2020-03-06,73.6842
2516,2020-03-07,75.8424
2517,2020-03-11,81.8588
2518,2020-03-12,81.0207
2519,2020-03-13,83.6584
2520,2020-03-14,81.861
2521,2020-03-17,82.7471
2522,2020-03-18,82.3056
2523,2020-03-19,84.8881
2524,2020-03-20,87.2669
2525,2020-03-21,84.1552
2526,2020-03-24,86.705
2527,2020-03-25,85.4253
2528,2020-03-26,84.1485
2529,2020-03-27,85.9648
2530,2020-03-28,85.7389
2531,2020-04-07,82.6346
2532,2020-04-08,82.012
2533,2020-04-09,82.2341
2534,2020-04-10,81.0882
2535,2020-04-11,80.7358
2536,2020-04-14,80.5387
2537,2020-04-15,80.1186
2538,2020-04-16,80.6731
2539,2020-04-17,81.2791
2540,2020-04-18,80.111
2541,2020-04-21,81.1019
2542,2020-04-22,82.616
2543,2020-04-23,83.6826
2544,2020-04-24,81.1468
2545,2020-04-25,80.2528
2546,2020-04-28,80.7611
2547,2020-04-29,80.7749
2548,2020-04-30,80.0488
2549,2020-05-01,79.1189
2550,2020-05-07,80.0598
2551,2020-05-08,80.0611
2552,2020-05-09,80.0039
2553,2020-05-13,79.4394
2554,2020-05-14,79.7775
2555,2020-05-15,79.9033
2556,2020-05-16,79.1279
2557,2020-05-19,78.9422
2558,2020-05-20,79.1677
2559,2020-05-21,79.1813
2560,2020-05-22,77.7965
2561,2020-05-23,78.4431
2562,2020-05-26,77.8823
2563,2020-05-27,77.7854
2564,2020-05-28,77.9069
2565,2020-05-29,78.2611
2566,2020-05-30,78.5489
2567,2020-06-02,77.6376
2568,2020-06-03,76.7782
2569,2020-06-04,76.6243
2570,2020-06-05,77.3245
2571,2020-06-06,77.9658
2572,2020-06-09,77.1861
2573,2020-06-10,77.3481
2574,2020-06-11,77.9229
2575,2020-06-12,78.5225
2576,2020-06-16,79.1451
2577,2020-06-17,79.0434
2578,2020-06-18,78.3829
2579,2020-06-19,78.2924
2580,2020-06-20,78.0047
2581,2020-06-23,77.8285
2582,2020-06-24,77.6832
2583,2020-06-25,77.759
2584,2020-06-26,78.0589
2585,2020-06-27,77.5413
2586,2020-06-30,78.6812
2587,2020-07-01,78.9929
2588,2020-07-02,79.1901
2589,2020-07-03,79.5181
2590,2020-07-04,79.2207
2591,2020-07-07,80.5581
2592,2020-07-08,81.4676
2593,2020-07-09,80.4062
2594,2020-07-10,80.4134
2595,2020-07-11,80.2689
2596,2020-07-14,80.0937
2597,2020-07-15,80.623
2598,2020-07-16,80.8392
2599,2020-07-17,81.2318
2600,2020-07-18,81.6821
2601,2020-07-21,82.3902
2602,2020-07-22,81.2499
2603,2020-07-23,81.5904
2604,2020-07-24,82.1893
2605,2020-07-25,83.1031
2606,2020-07-28,83.7759
2607,2020-07-29,84.261
2608,2020-07-30,84.912
2609,2020-07-31,86.2532
2610,2020-08-01,87.2889
2611,2020-08-04,87.2253
2612,2020-08-05,86.5011
2613,2020-08-06,86.625
2614,2020-08-07,86.6178
2615,2020-08-08,87.1722
2616,2020-08-11,86.8258
2617,2020-08-12,85.9246
2618,2020-08-13,85.956
2619,2020-08-14,87.0399
2620,2020-08-15,86.4092
2621,2020-08-18,86.4666
2622,2020-08-19,87.3401
2623,2020-08-20,87.4037
2624,2020-08-21,87.4261
2625,2020-08-22,87.7343
2626,2020-08-25,87.903
2627,2020-08-26,88.059
2628,2020-08-27,89.2254
2629,2020-08-28,88.996
2630,2020-08-29,88.7448
2631,2020-09-01,87.8266
2632,2020-09-02,88.1547
2633,2020-09-03,87.7369
2634,2020-09-04,89.1353
2635,2020-09-05,89.0384
2636,2020-09-08,89.4771
2637,2020-09-09,89.7369
2638,2020-09-10,89.5663
2639,2020-09-11,89.3036
2640,2020-09-12,88.6768
2641,2020-09-15,88.5819
2642,2020-09-16,89.3614
2643,2020-09-17,88.8644
2644,2020-09-18,88.6313
2645,2020-09-19,88.9578
2646,2020-09-22,90.0063
2647,2020-09-23,89.4813
2648,2020-09-24,89.2508
2649,2020-09-25,89.9818
2650,2020-09-26,89.6637
2651,2020-09-29,91.479
2652,2020-09-30,93.0237
2653,2020-10-01,92.4302
2654,2020-10-02,90.7237
2655,2020-10-03,91.5779
2656,2020-10-06,91.6599
2657,2020-10-07,92.5184
2658,2020-10-08,91.8129
2659,2020-10-09,91.699
2660,2020-10-10,90.7163
2661,2020-10-13,91.0037
2662,2020-10-14,91.0732
2663,2020-10-15,90.7065
2664,2020-10-16,91.4542
2665,2020-10-17,91.3041
2666,2020-10-20,91.3115
2667,2020-10-21,91.5603
2668,2020-10-22,91.3448
2669,2020-10-23,91.3563
2670,2020-10-24,90.4142
2671,2020-10-27,90.4489
2672,2020-10-28,90.3552
2673,2020-10-29,91.2632
2674,2020-10-30,92.6011
2675,2020-10-31,92.6284
2676,2020-11-03,93.757
2677,2020-11-04,93.3447
2678,2020-11-06,92.1229
2679,2020-11-07,91.3514
2680,2020-11-10,91.4953
2681,2020-11-11,90.3557
2682,2020-11-12,90.0468
2683,2020-11-13,90.8104
2684,2020-11-14,91.3222
2685,2020-11-17,91.1729
2686,2020-11-18,90.3903
2687,2020-11-19,90.2314
2688,2020-11-20,90.3484
2689,2020-11-21,90.2643
2690,2020-11-24,89.9347
2691,2020-11-25,89.8934
2692,2020-11-26,89.888
2693,2020-11-27,90.0291
2694,2020-11-28,90.4629
2695,2020-12-01,91.2037
2696,2020-12-02,91.3096
2697,2020-12-03,91.3052
2698,2020-12-04,91.1946
2699,2020-12-05,90.2618
2700,2020-12-08,89.9695
2701,2020-12-09,89.2044
2702,2020-12-10,88.9418
2703,2020-12-11,89.133
2704,2020-12-12,88.7744
2705,2020-12-15,88.5847
2706,2020-12-16,89.1846
2707,2020-12-17,89.3229
2708,2020-12-18,89.2887
2709,2020-12-19,89.8262
2710,2020-12-22,91.0029
2711,2020-12-23,92.0699
2712,2020-12-24,91.9822
2713,2020-12-25,91.3487
2714,2020-12-26,89.8749
2715,2020-12-29,90.127
2716,2020-12-30,90.2074
2717,2020-12-31,90.6824
2718,2021-01-01,90.7932
2719,2021-01-12,90.8123
2720,2021-01-13,90.3227
2721,2021-01-14,89.7831
2722,2021-01-15,89.6475
2723,2021-01-16,89.2546
2724,2021-01-19,89.3304
2725,2021-01-20,89.2064
2726,2021-01-21,89.1483
2727,2021-01-22,88.9677
2728,2021-01-23,90.4087
2729,2021-01-26,91.1458
2730,2021-01-27,91.6701
2731,2021-01-28,91.2186
2732,2021-01-29,92.131
2733,2021-01-30,92.2963
2734,2021-02-02,91.5426
2735,2021-02-03,91.625
2736,2021-02-04,91.5624
2737,2021-02-05,90.9206
2738,2021-02-06,89.885
2739,2021-02-09,89.4019
2740,2021-02-10,89.5286
2741,2021-02-11,89.5684
2742,2021-02-12,89.4388
2743,2021-02-13,89.6052
2744,2021-02-16,88.9754
2745,2021-02-17,88.9441
2746,2021-02-18,89.0809
2747,2021-02-19,88.87
2748,2021-02-20,89.5427
2749,2021-02-21,89.6604
2750,2021-02-25,89.6691
2751,2021-02-26,89.4995
2752,2021-02-27,90.3743
2753,2021-03-02,89.4461
2754,2021-03-03,89.5652
2755,2021-03-04,88.8768
2756,2021-03-05,88.9421
2757,2021-03-06,88.9334
2758,2021-03-10,88.1736
2759,2021-03-11,87.9587
2760,2021-03-12,87.7585
2761,2021-03-13,87.7981
2762,2021-03-16,87.3508
2763,2021-03-17,86.9852
2764,2021-03-18,86.9693
2765,2021-03-19,88.1173
2766,2021-03-20,88.433
2767,2021-03-23,88.6573
2768,2021-03-24,89.767
2769,2021-03-25,90.0515
2770,2021-03-26,89.9768
2771,2021-03-27,89.2576
2772,2021-03-30,89.349
2773,2021-03-31,88.8821
2774,2021-04-01,88.7452
2775,2021-04-02,88.9523
2776,2021-04-03,89.5916
2777,2021-04-06,89.9958
2778,2021-04-07,90.1821
2779,2021-04-08,92.3321
2780,2021-04-09,91.6192
2781,2021-04-10,91.7809
2782,2021-04-13,92.0669
2783,2021-04-14,91.9162
2784,2021-04-15,90.5391
2785,2021-04-16,92.2307
2786,2021-04-17,90.4602
2787,2021-04-20,91.476
2788,2021-04-21,91.7507
2789,2021-04-22,92.2913
2790,2021-04-23,92.0423
2791,2021-04-24,90.4676
2792,2021-04-27,90.4468
2793,2021-04-28,90.4666
2794,2021-04-29,90.4289
2795,2021-04-30,90.1513
2796,2021-05-01,90.585
2797,2021-05-05,90.451
2798,2021-05-06,89.7742
2799,2021-05-07,89.6788
2800,2021-05-08,89.506
2801,2021-05-12,90.004
2802,2021-05-13,89.8475
2803,2021-05-14,89.9343
2804,2021-05-15,89.6249
2805,2021-05-18,89.6584
2806,2021-05-19,89.9057
2807,2021-05-20,90.1006
2808,2021-05-21,89.7708
2809,2021-05-22,89.9446
2810,2021-05-25,89.6877
2811,2021-05-26,89.9545
2812,2021-05-27,89.9392
2813,2021-05-28,89.6555
2814,2021-05-29,89.6731
2815,2021-06-01,89.3778
2816,2021-06-02,89.5958
2817,2021-06-03,89.6895
2818,2021-06-04,89.2644
2819,2021-06-05,88.7545
2820,2021-06-08,88.653
2821,2021-06-09,88.6433
2822,2021-06-10,87.8114
2823,2021-06-11,87.8065
2824,2021-06-12,87.3274
2825,2021-06-16,87.211
2826,2021-06-17,87.3536
2827,2021-06-18,86.7012
2828,2021-06-19,85.9943
2829,2021-06-22,86.8942
2830,2021-06-23,87.0677
2831,2021-06-24,86.7137
2832,2021-06-25,86.3283
2833,2021-06-26,86.1919
2834,2021-06-29,86.1657
2835,2021-06-30,86.2026
2836,2021-07-01,86.5118
2837,2021-07-02,86.4113
2838,2021-07-03,87.0748
2839,2021-07-06,87.0272
2840,2021-07-07,87.0034
2841,2021-07-08,87.5588
2842,2021-07-09,88.7755
2843,2021-07-10,88.1397
2844,2021-07-13,88.605
2845,2021-07-14,87.782
2846,2021-07-15,87.3917
2847,2021-07-16,87.8316
2848,2021-07-17,87.5673
2849,2021-07-20,87.6097
2850,2021-07-21,87.7727
2851,2021-07-22,87.5983
2852,2021-07-23,86.9227
2853,2021-07-24,86.8451
2854,2021-07-27,87.3171
2855,2021-07-28,86.9919
2856,2021-07-29,86.9173
2857,2021-07-30,86.8624
2858,2021-07-31,86.9913
2859,2021-08-03,86.7717
2860,2021-08-04,86.5578
2861,2021-08-05,86.4112
2862,2021-08-06,86.6529
2863,2021-08-07,86.4621
2864,2021-08-10,86.4378
2865,2021-08-11,86.3578
2866,2021-08-12,86.6257
2867,2021-08-13,86.3457
2868,2021-08-14,86.2195
2869,2021-08-17,86.5072
2870,2021-08-18,86.4804
2871,2021-08-19,86.121
2872,2021-08-20,86.615
2873,2021-08-21,86.8646
2874,2021-08-24,86.7838
2875,2021-08-25,86.8058
2876,2021-08-26,86.5814
2877,2021-08-27,87.0576
2878,2021-08-28,87.0304
2879,2021-08-31,86.8104
2880,2021-09-01,86.666
2881,2021-09-02,86.3949
2882,2021-09-03,86.297
2883,2021-09-04,86.5366
2884,2021-09-07,86.5743
2885,2021-09-08,86.8922
2886,2021-09-09,86.9114
2887,2021-09-10,86.4677
2888,2021-09-11,86.1478
2889,2021-09-14,86.115
2890,2021-09-15,85.988
2891,2021-09-16,86.0674
2892,2021-09-17,85.3622
2893,2021-09-18,85.4614
2894,2021-09-21,85.8785
2895,2021-09-22,85.8568
2896,2021-09-23,85.4889
2897,2021-09-24,85.204
2898,2021-09-25,85.6823
2899,2021-09-28,85.0355
2900,2021-09-29,84.6752
2901,2021-09-30,84.8755
2902,2021-10-01,84.305
2903,2021-10-02,84.4577
2904,2021-10-05,84.6355
2905,2021-10-06,84.1723
2906,2021-10-07,83.9251
2907,2021-10-08,83.6053
2908,2021-10-09,83.1248
2909,2021-10-12,82.9273
2910,2021-10-13,83.0934
2911,2021-10-14,83.0028
2912,2021-10-15,83.3347
2913,2021-10-16,82.7276
2914,2021-10-19,82.4592
2915,2021-10-20,82.6841
2916,2021-10-21,82.6162
2917,2021-10-22,82.6399
2918,2021-10-23,82.4979
2919,2021-10-26,81.7418
2920,2021-10-27,80.7019
2921,2021-10-28,81.0289
2922,2021-10-29,81.8393
2923,2021-10-30,82.2898
2924,2021-11-02,82.1687
2925,2021-11-03,82.9577
2926,2021-11-04,82.8112
2927,2021-11-09,82.5355
2928,2021-11-10,82.6497
2929,2021-11-11,81.787
2930,2021-11-12,81.6552
2931,2021-11-13,82.2173
2932,2021-11-16,82.7736
2933,2021-11-17,82.5244
2934,2021-11-18,82.3553
2935,2021-11-19,82.2583
2936,2021-11-20,82.5845
2937,2021-11-23,82.7715
2938,2021-11-24,84.1718
2939,2021-11-25,83.6394
2940,2021-11-26,83.6793
2941,2021-11-27,84.9526
2942,2021-11-30,84.482
2943,2021-12-01,84.8234
2944,2021-12-02,83.8354
2945,2021-12-03,83.8105
2946,2021-12-04,83.2406
2947,2021-12-07,83.1138
2948,2021-12-08,83.7114
2949,2021-12-09,83.364
2950,2021-12-10,83.3444
2951,2021-12-11,83.1158
2952,2021-12-14,82.866
2953,2021-12-15,82.8299
2954,2021-12-16,83.2375
2955,2021-12-17,83.1571
2956,2021-12-18,83.5026
2957,2021-12-21,83.6187
2958,2021-12-22,83.3213
2959,2021-12-23,83.1541
2960,2021-12-24,83.1223
2961,2021-12-25,82.93
2962,2021-12-28,82.9363
2963,2021-12-29,83.2194
2964,2021-12-30,83.204
2965,2021-12-31,84.0695
2966,2022-01-11,85.1315
2967,2022-01-12,84.8784
2968,2022-01-13,84.6709
2969,2022-01-14,85.4556
2970,2022-01-15,86.8894
2971,2022-01-18,86.8609
2972,2022-01-19,87.0216
2973,2022-01-20,87.1318
2974,2022-01-21,86.8215
2975,2022-01-22,86.9054
2976,2022-01-25,87.5925
2977,2022-01-26,88.9286
2978,2022-01-27,89.1511
2979,2022-01-28,88.468
2980,2022-01-29,86.6419
2981,2022-02-01,86.5032
2982,2022-02-02,86.7869
2983,2022-02-03,86.2826
2984,2022-02-04,86.561
2985,2022-02-05,87.1163
2986,2022-02-08,86.5181
2987,2022-02-09,85.892
2988,2022-02-10,85.3784
2989,2022-02-11,85.3798
2990,2022-02-12,85.3574
2991,2022-02-15,86.8451
2992,2022-02-16,86.2656
2993,2022-02-17,85.306
2994,2022-02-18,86.1308
2995,2022-02-19,86.1489
2996,2022-02-22,87.3379
2997,2022-02-23,90.882
2998,2022-02-25,97.7688
2999,2022-02-26,93.5994
3000,2022-03-01,104.4772
3001,2022-03-02,102.9112
3002,2022-03-03,114.5544
3003,2022-03-04,124.0161
3004,2022-03-05,116.5312
3005,2022-03-06,115.6212
3006,2022-03-10,126.4395
3007,2022-03-11,132.9581
3008,2022-03-12,128.9523
3009,2022-03-15,127.2343
3010,2022-03-16,122.4522
3011,2022-03-17,118.7601
3012,2022-03-18,115.9311
3013,2022-03-19,114.3996
3014,2022-03-22,115.6002
3015,2022-03-23,114.7833
3016,2022-03-24,113.2613
3017,2022-03-25,105.4679
3018,2022-03-26,105.2662
3019,2022-03-29,102.6714
3020,2022-03-30,96.0085
3021,2022-03-31,93.696
3022,2022-04-01,92.493
3023,2022-04-02,92.1468
3024,2022-04-05,92.3872
3025,2022-04-06,91.7289
3026,2022-04-07,90.5998
3027,2022-04-08,83.293
3028,2022-04-09,81.7064
3029,2022-04-12,85.9752
3030,2022-04-13,86.7939
3031,2022-04-14,86.7219
3032,2022-04-15,88.0024
3033,2022-04-16,87.0715
3034,2022-04-19,86.4289
3035,2022-04-20,85.9674
3036,2022-04-21,83.2705
3037,2022-04-22,81.2239
3038,2022-04-23,80.0249
3039,2022-04-26,77.4651
3040,2022-04-27,76.667
3041,2022-04-28,75.9224
3042,2022-04-29,75.3117
3043,2022-04-30,74.5589
3044,2022-05-05,72.7815
3045,2022-05-06,70.0662
3046,2022-05-07,71.0963
3047,2022-05-12,72.6314
3048,2022-05-13,68.7835
3049,2022-05-14,65.7939
3050,2022-05-17,65.8166
3051,2022-05-18,66.3644
3052,2022-05-19,66.6135
3053,2022-05-20,64.9358
3054,2022-05-21,60.8953
3055,2022-05-24,60.3851
3056,2022-05-25,58.8705
3057,2022-05-26,57.921
3058,2022-05-27,64.4392
3059,2022-05-28,69.4353
3060,2022-05-31,64.717
3061,2022-06-01,62.7397
3062,2022-06-02,63.6629
3063,2022-06-03,64.9053
3064,2022-06-04,65.9191
3065,2022-06-07,64.8669
3066,2022-06-08,64.5699
3067,2022-06-09,63.938
3068,2022-06-10,62.0934
3069,2022-06-11,60.9656
3070,2022-06-15,59.2481
3071,2022-06-16,59.1204
3072,2022-06-17,58.9568
3073,2022-06-18,59.3299
3074,2022-06-21,58.8003
3075,2022-06-22,57.4566
3076,2022-06-23,55.8307
3077,2022-06-24,55.9886
3078,2022-06-25,55.964
3079,2022-06-28,56.0535
3080,2022-06-29,55.8886
3081,2022-06-30,53.858
3082,2022-07-01,54.6405
3083,2022-07-02,56.3584
3084,2022-07-05,57.1836
3085,2022-07-06,60.1618
3086,2022-07-07,64.326
3087,2022-07-08,64.1349
3088,2022-07-09,62.0499
3089,2022-07-12,61.8056
3090,2022-07-13,58.7643
3091,2022-07-14,58.9002
3092,2022-07-15,58.3432
3093,2022-07-16,57.8851
3094,2022-07-19,57.1526
3095,2022-07-20,56.4463
3096,2022-07-21,55.826
3097,2022-07-22,57.1133
3098,2022-07-23,57.7608
3099,2022-07-26,58.6741
3100,2022-07-27,59.4068
3101,2022-07-28,61.0032
3102,2022-07-29,61.2171
3103,2022-07-30,62.5695
3104,2022-08-02,63.2468
3105,2022-08-03,61.2656
3106,2022-08-04,61.1243
3107,2022-08-05,61.0872
3108,2022-08-06,61.361
3109,2022-08-09,61.1615
3110,2022-08-10,61.5542
3111,2022-08-11,61.704
3112,2022-08-12,62.5156
3113,2022-08-13,62.5355
3114,2022-08-16,62.5056
3115,2022-08-17,62.3551
3116,2022-08-18,61.8322
3117,2022-08-19,60.8957
3118,2022-08-20,59.3934
3119,2022-08-23,59.5344
3120,2022-08-24,59.3304
3121,2022-08-25,59.5082
3122,2022-08-26,59.5983
3123,2022-08-27,59.8784
3124,2022-08-30,59.9608
3125,2022-08-31,60.5752
3126,2022-09-01,60.2141
3127,2022-09-02,60.2842
3128,2022-09-03,60.2187
3129,2022-09-06,60.1408
3130,2022-09-07,60.4929
3131,2022-09-08,60.5458
3132,2022-09-09,60.6952
3133,2022-09-10,60.8571
3134,2022-09-13,61.3127
3135,2022-09-14,60.9364
3136,2022-09-15,59.8368
3137,2022-09-16,59.6196
3138,2022-09-17,59.874
3139,2022-09-20,60.0426
3140,2022-09-21,60.0507
3141,2022-09-22,60.211
3142,2022-09-23,58.9388
3143,2022-09-24,56.4751
3144,2022-09-27,55.9278
3145,2022-09-28,55.9953
3146,2022-09-29,55.7232
3147,2022-09-30,55.4064
3148,2022-10-01,52.7379
3149,2022-10-04,54.3947
3150,2022-10-05,56.1725
3151,2022-10-06,58.0613
3152,2022-10-07,58.2392
3153,2022-10-08,59.9756
3154,2022-10-11,60.8019
3155,2022-10-12,62.3481
3156,2022-10-13,62.5867
3157,2022-10-14,62.5903
3158,2022-10-15,62.4695
3159,2022-10-18,60.5608
3160,2022-10-19,60.53
3161,2022-10-20,60.1086
3162,2022-10-21,60.4371
3163,2022-10-22,59.8378
3164,2022-10-25,60.1575
3165,2022-10-26,60.4648
3166,2022-10-27,61.5682
3167,2022-10-28,61.5718
3168,2022-10-29,61.1328
3169,2022-11-01,61.1196
3170,2022-11-02,60.9668
3171,2022-11-03,60.9216
3172,2022-11-04,60.6071
3173,2022-11-08,60.9013
3174,2022-11-09,60.8231
3175,2022-11-10,61.2445
3176,2022-11-11,61.0037
3177,2022-11-12,61.5416
3178,2022-11-15,62.1554
3179,2022-11-16,62.6297
3180,2022-11-17,62.6675
3181,2022-11-18,62.5712
3182,2022-11-19,62.4484
3183,2022-11-22,62.1245
3184,2022-11-23,62.1774
3185,2022-11-24,62.285
3186,2022-11-25,62.7814
3187,2022-11-26,62.8762
3188,2022-11-29,63.3008
3189,2022-11-30,63.3882
3190,2022-12-01,63.0504
