,ds,y
0,2010-01-01,0
1,2010-01-02,0
2,2010-01-03,0
3,2010-01-04,0
4,2010-01-05,1
5,2010-01-06,0
6,2010-01-07,1
7,2010-01-08,2
8,2010-01-09,1
9,2010-01-10,1
10,2010-01-11,2
11,2010-01-12,6
12,2010-01-13,6
13,2010-01-14,5
14,2010-01-15,6
15,2010-01-16,6
16,2010-01-17,9
17,2010-01-18,9
18,2010-01-19,7
19,2010-01-20,4
20,2010-01-21,3
21,2010-01-22,5
22,2010-01-23,7
23,2010-01-24,2
24,2010-01-25,7
25,2010-01-26,10
26,2010-01-27,13
27,2010-01-28,6
28,2010-01-29,6
29,2010-01-30,5
30,2010-01-31,7
31,2010-02-01,3
32,2010-02-02,8
33,2010-02-03,5
34,2010-02-04,6
35,2010-02-05,6
36,2010-02-06,5
37,2010-02-07,5
38,2010-02-08,10
39,2010-02-09,10
40,2010-02-10,6
41,2010-02-11,8
42,2010-02-12,9
43,2010-02-13,4
44,2010-02-14,6
45,2010-02-15,7
46,2010-02-16,12
47,2010-02-17,6
48,2010-02-18,8
49,2010-02-19,11
50,2010-02-20,0
51,2010-02-21,1
52,2010-02-22,5
53,2010-02-23,0
54,2010-02-24,3
55,2010-02-25,4
56,2010-02-26,4
57,2010-02-27,2
58,2010-02-28,2
59,2010-03-01,6
60,2010-03-02,7
61,2010-03-03,3
62,2010-03-04,6
63,2010-03-05,5
64,2010-03-06,3
65,2010-03-07,4
66,2010-03-08,3
67,2010-03-09,6
68,2010-03-10,4
69,2010-03-11,7
70,2010-03-12,0
71,2010-03-13,1
72,2010-03-14,5
73,2010-03-15,6
74,2010-03-16,7
75,2010-03-17,9
76,2010-03-18,5
77,2010-03-19,3
78,2010-03-20,6
79,2010-03-21,6
80,2010-03-22,7
81,2010-03-23,18
82,2010-03-24,8
83,2010-03-25,4
84,2010-03-26,10
85,2010-03-27,8
86,2010-03-28,0
87,2010-03-29,7
88,2010-03-30,5
89,2010-03-31,5
90,2010-04-01,8
91,2010-04-02,8
92,2010-04-03,8
93,2010-04-04,6
94,2010-04-05,2
95,2010-04-06,11
96,2010-04-07,6
97,2010-04-08,10
98,2010-04-09,4
99,2010-04-10,7
100,2010-04-11,2
101,2010-04-12,10
102,2010-04-13,10
103,2010-04-14,9
104,2010-04-15,10
105,2010-04-16,8
106,2010-04-17,7
107,2010-04-18,2
108,2010-04-19,15
109,2010-04-20,12
110,2010-04-21,12
111,2010-04-22,15
112,2010-04-23,16
113,2010-04-24,4
114,2010-04-25,2
115,2010-04-26,18
116,2010-04-27,11
117,2010-04-28,4
118,2010-04-29,6
119,2010-04-30,13
120,2010-05-01,4
121,2010-05-02,2
122,2010-05-03,2
123,2010-05-04,14
124,2010-05-05,10
125,2010-05-06,10
126,2010-05-07,9
127,2010-05-08,5
128,2010-05-09,2
129,2010-05-10,5
130,2010-05-11,8
131,2010-05-12,8
132,2010-05-13,3
133,2010-05-14,9
134,2010-05-15,4
135,2010-05-16,3
136,2010-05-17,7
137,2010-05-18,7
138,2010-05-19,17
139,2010-05-20,4
140,2010-05-21,7
141,2010-05-22,5
142,2010-05-23,6
143,2010-05-24,9
144,2010-05-25,5
145,2010-05-26,5
146,2010-05-27,2
147,2010-05-28,5
148,2010-05-29,4
149,2010-05-30,6
150,2010-05-31,5
151,2010-06-01,8
152,2010-06-02,10
153,2010-06-03,3
154,2010-06-04,2
155,2010-06-05,2
156,2010-06-06,0
157,2010-06-07,7
158,2010-06-08,6
159,2010-06-09,9
160,2010-06-10,12
161,2010-06-11,7
162,2010-06-12,2
163,2010-06-13,1
164,2010-06-14,2
165,2010-06-15,12
166,2010-06-16,6
167,2010-06-17,5
168,2010-06-18,7
169,2010-06-19,5
170,2010-06-20,4
171,2010-06-21,5
172,2010-06-22,5
173,2010-06-23,6
174,2010-06-24,6
175,2010-06-25,10
176,2010-06-26,7
177,2010-06-27,4
178,2010-06-28,4
179,2010-06-29,4
180,2010-06-30,8
181,2010-07-01,12
182,2010-07-02,5
183,2010-07-03,3
184,2010-07-04,3
185,2010-07-05,5
186,2010-07-06,3
187,2010-07-07,7
188,2010-07-08,5
189,2010-07-09,5
190,2010-07-10,3
191,2010-07-11,2
192,2010-07-12,4
193,2010-07-13,2
194,2010-07-14,5
195,2010-07-15,5
196,2010-07-16,4
197,2010-07-17,8
198,2010-07-18,2
199,2010-07-19,3
200,2010-07-20,6
201,2010-07-21,3
202,2010-07-22,8
203,2010-07-23,10
204,2010-07-24,1
205,2010-07-25,4
206,2010-07-26,7
207,2010-07-27,7
208,2010-07-28,12
209,2010-07-29,4
210,2010-07-30,8
211,2010-07-31,8
212,2010-08-01,3
213,2010-08-02,3
214,2010-08-03,4
215,2010-08-04,3
216,2010-08-05,3
217,2010-08-06,8
218,2010-08-07,2
219,2010-08-08,0
220,2010-08-09,7
221,2010-08-10,4
222,2010-08-11,10
223,2010-08-12,13
224,2010-08-13,7
225,2010-08-14,1
226,2010-08-15,4
227,2010-08-16,10
228,2010-08-17,6
229,2010-08-18,10
230,2010-08-19,14
231,2010-08-20,4
232,2010-08-21,2
233,2010-08-22,3
234,2010-08-23,6
235,2010-08-24,11
236,2010-08-25,2
237,2010-08-26,7
238,2010-08-27,10
239,2010-08-28,4
240,2010-08-29,3
241,2010-08-30,10
242,2010-08-31,6
243,2010-09-01,7
244,2010-09-02,8
245,2010-09-03,9
246,2010-09-04,3
247,2010-09-05,4
248,2010-09-06,4
249,2010-09-07,6
250,2010-09-08,7
251,2010-09-09,4
252,2010-09-10,8
253,2010-09-11,4
254,2010-09-12,1
255,2010-09-13,7
256,2010-09-14,16
257,2010-09-15,5
258,2010-09-16,5
259,2010-09-17,4
260,2010-09-18,8
261,2010-09-19,1
262,2010-09-20,8
263,2010-09-21,7
264,2010-09-22,18
265,2010-09-23,2
266,2010-09-24,5
267,2010-09-25,5
268,2010-09-26,3
269,2010-09-27,9
270,2010-09-28,5
271,2010-09-29,6
272,2010-09-30,8
273,2010-10-01,3
274,2010-10-02,5
275,2010-10-03,7
276,2010-10-04,3
277,2010-10-05,5
278,2010-10-06,6
279,2010-10-07,6
280,2010-10-08,4
281,2010-10-09,8
282,2010-10-10,5
283,2010-10-11,11
284,2010-10-12,10
285,2010-10-13,6
286,2010-10-14,8
287,2010-10-15,6
288,2010-10-16,6
289,2010-10-17,4
290,2010-10-18,5
291,2010-10-19,10
292,2010-10-20,5
293,2010-10-21,4
294,2010-10-22,3
295,2010-10-23,6
296,2010-10-24,9
297,2010-10-25,5
298,2010-10-26,6
299,2010-10-27,4
300,2010-10-28,4
301,2010-10-29,13
302,2010-10-30,6
303,2010-10-31,5
304,2010-11-01,4
305,2010-11-02,5
306,2010-11-03,5
307,2010-11-04,9
308,2010-11-05,6
309,2010-11-06,4
310,2010-11-07,3
311,2010-11-08,9
312,2010-11-09,5
313,2010-11-10,9
314,2010-11-11,12
315,2010-11-12,1
316,2010-11-13,8
317,2010-11-14,11
318,2010-11-15,2
319,2010-11-16,4
320,2010-11-17,6
321,2010-11-18,4
322,2010-11-19,4
323,2010-11-20,5
324,2010-11-21,7
325,2010-11-22,7
326,2010-11-23,4
327,2010-11-24,6
328,2010-11-25,7
329,2010-11-26,6
330,2010-11-27,7
331,2010-11-28,7
332,2010-11-29,2
333,2010-11-30,1
334,2010-12-01,7
335,2010-12-02,8
336,2010-12-03,3
337,2010-12-04,2
338,2010-12-05,2
339,2010-12-06,6
340,2010-12-07,3
341,2010-12-08,3
342,2010-12-09,4
343,2010-12-10,3
344,2010-12-11,3
345,2010-12-12,5
346,2010-12-13,2
347,2010-12-14,9
348,2010-12-15,4
349,2010-12-16,6
350,2010-12-17,4
351,2010-12-18,3
352,2010-12-19,2
353,2010-12-20,7
354,2010-12-21,22
355,2010-12-22,7
356,2010-12-23,4
357,2010-12-24,5
358,2010-12-25,10
359,2010-12-26,8
360,2010-12-27,7
361,2010-12-28,8
362,2010-12-29,4
363,2010-12-30,2
364,2010-12-31,4
365,2011-01-01,0
366,2011-01-02,0
367,2011-01-03,6
368,2011-01-04,1
369,2011-01-05,9
370,2011-01-06,2
371,2011-01-07,1
372,2011-01-08,4
373,2011-01-09,5
374,2011-01-10,5
375,2011-01-11,7
376,2011-01-12,7
377,2011-01-13,6
378,2011-01-14,0
379,2011-01-15,3
380,2011-01-16,11
381,2011-01-17,6
382,2011-01-18,5
383,2011-01-19,7
384,2011-01-20,9
385,2011-01-21,2
386,2011-01-22,12
387,2011-01-23,3
388,2011-01-24,2
389,2011-01-25,5
390,2011-01-26,10
391,2011-01-27,9
392,2011-01-28,8
393,2011-01-29,5
394,2011-01-30,2
395,2011-01-31,6
396,2011-02-01,8
397,2011-02-02,7
398,2011-02-03,5
399,2011-02-04,5
400,2011-02-05,6
401,2011-02-06,6
402,2011-02-07,8
403,2011-02-08,8
404,2011-02-09,8
405,2011-02-10,12
406,2011-02-11,12
407,2011-02-12,10
408,2011-02-13,11
409,2011-02-14,4
410,2011-02-15,4
411,2011-02-16,9
412,2011-02-17,4
413,2011-02-18,5
414,2011-02-19,18
415,2011-02-20,7
416,2011-02-21,7
417,2011-02-22,11
418,2011-02-23,6
419,2011-02-24,7
420,2011-02-25,6
421,2011-02-26,7
422,2011-02-27,9
423,2011-02-28,4
424,2011-03-01,12
425,2011-03-02,10
426,2011-03-03,3
427,2011-03-04,6
428,2011-03-05,10
429,2011-03-06,12
430,2011-03-07,7
431,2011-03-08,5
432,2011-03-09,8
433,2011-03-10,9
434,2011-03-11,7
435,2011-03-12,6
436,2011-03-13,8
437,2011-03-14,4
438,2011-03-15,8
439,2011-03-16,14
440,2011-03-17,4
441,2011-03-18,7
442,2011-03-19,10
443,2011-03-20,6
444,2011-03-21,15
445,2011-03-22,8
446,2011-03-23,6
447,2011-03-24,5
448,2011-03-25,6
449,2011-03-26,10
450,2011-03-27,6
451,2011-03-28,10
452,2011-03-29,5
453,2011-03-30,11
454,2011-03-31,15
455,2011-04-01,7
456,2011-04-02,10
457,2011-04-03,11
458,2011-04-04,7
459,2011-04-05,10
460,2011-04-06,6
461,2011-04-07,10
462,2011-04-08,14
463,2011-04-09,16
464,2011-04-10,9
465,2011-04-11,6
466,2011-04-12,9
467,2011-04-13,6
468,2011-04-14,6
469,2011-04-15,6
470,2011-04-16,12
471,2011-04-17,10
472,2011-04-18,10
473,2011-04-19,8
474,2011-04-20,3
475,2011-04-21,6
476,2011-04-22,5
477,2011-04-23,15
478,2011-04-24,4
479,2011-04-25,5
480,2011-04-26,6
481,2011-04-27,12
482,2011-04-28,8
483,2011-04-29,6
484,2011-04-30,7
485,2011-05-01,5
486,2011-05-02,2
487,2011-05-03,9
488,2011-05-04,8
489,2011-05-05,2
490,2011-05-06,4
491,2011-05-07,9
492,2011-05-08,2
493,2011-05-09,3
494,2011-05-10,5
495,2011-05-11,4
496,2011-05-12,2
497,2011-05-13,10
498,2011-05-14,8
499,2011-05-15,3
500,2011-05-16,6
501,2011-05-17,6
502,2011-05-18,6
503,2011-05-19,5
504,2011-05-20,9
505,2011-05-21,4
506,2011-05-22,8
507,2011-05-23,5
508,2011-05-24,6
509,2011-05-25,6
510,2011-05-26,3
511,2011-05-27,3
512,2011-05-28,10
513,2011-05-29,5
514,2011-05-30,4
515,2011-05-31,4
516,2011-06-01,8
517,2011-06-02,9
518,2011-06-03,7
519,2011-06-04,3
520,2011-06-05,4
521,2011-06-06,3
522,2011-06-07,5
523,2011-06-08,5
524,2011-06-09,12
525,2011-06-10,5
526,2011-06-11,3
527,2011-06-12,3
528,2011-06-13,4
529,2011-06-14,5
530,2011-06-15,9
531,2011-06-16,7
532,2011-06-17,6
533,2011-06-18,4
534,2011-06-19,8
535,2011-06-20,9
536,2011-06-21,13
537,2011-06-22,3
538,2011-06-23,6
539,2011-06-24,4
540,2011-06-25,10
541,2011-06-26,3
542,2011-06-27,2
543,2011-06-28,5
544,2011-06-29,6
545,2011-06-30,2
546,2011-07-01,3
547,2011-07-02,3
548,2011-07-03,3
549,2011-07-04,4
550,2011-07-05,4
551,2011-07-06,7
552,2011-07-07,6
553,2011-07-08,1
554,2011-07-09,6
555,2011-07-10,3
556,2011-07-11,10
557,2011-07-12,4
558,2011-07-13,7
559,2011-07-14,4
560,2011-07-15,5
561,2011-07-16,4
562,2011-07-17,6
563,2011-07-18,2
564,2011-07-19,5
565,2011-07-20,4
566,2011-07-21,3
567,2011-07-22,8
568,2011-07-23,2
569,2011-07-24,2
570,2011-07-25,2
571,2011-07-26,6
572,2011-07-27,6
573,2011-07-28,3
574,2011-07-29,4
575,2011-07-30,6
576,2011-07-31,3
577,2011-08-01,3
578,2011-08-02,4
579,2011-08-03,3
580,2011-08-04,6
581,2011-08-05,5
582,2011-08-06,6
583,2011-08-07,1
584,2011-08-08,2
585,2011-08-09,9
586,2011-08-10,8
587,2011-08-11,7
588,2011-08-12,6
589,2011-08-13,7
590,2011-08-14,3
591,2011-08-15,2
592,2011-08-16,6
593,2011-08-17,7
594,2011-08-18,5
595,2011-08-19,7
596,2011-08-20,6
597,2011-08-21,4
598,2011-08-22,2
599,2011-08-23,11
600,2011-08-24,4
601,2011-08-25,8
602,2011-08-26,8
603,2011-08-27,11
604,2011-08-28,5
605,2011-08-29,4
606,2011-08-30,4
607,2011-08-31,6
608,2011-09-01,5
609,2011-09-02,14
610,2011-09-03,7
611,2011-09-04,2
612,2011-09-05,2
613,2011-09-06,4
614,2011-09-07,4
615,2011-09-08,6
616,2011-09-09,4
617,2011-09-10,3
618,2011-09-11,2
619,2011-09-12,5
620,2011-09-13,4
621,2011-09-14,7
622,2011-09-15,4
623,2011-09-16,5
624,2011-09-17,5
625,2011-09-18,3
626,2011-09-19,3
627,2011-09-20,5
628,2011-09-21,10
629,2011-09-22,4
630,2011-09-23,9
631,2011-09-24,4
632,2011-09-25,5
633,2011-09-26,8
634,2011-09-27,2
635,2011-09-28,9
636,2011-09-29,9
637,2011-09-30,3
638,2011-10-01,14
639,2011-10-02,6
640,2011-10-03,4
641,2011-10-04,9
642,2011-10-05,6
643,2011-10-06,11
644,2011-10-07,9
645,2011-10-08,5
646,2011-10-09,7
647,2011-10-10,2
648,2011-10-11,4
649,2011-10-12,8
650,2011-10-13,7
651,2011-10-14,7
652,2011-10-15,2
653,2011-10-16,4
654,2011-10-17,4
655,2011-10-18,2
656,2011-10-19,7
657,2011-10-20,3
658,2011-10-21,3
659,2011-10-22,2
660,2011-10-23,2
661,2011-10-24,2
662,2011-10-25,3
663,2011-10-26,6
664,2011-10-27,2
665,2011-10-28,10
666,2011-10-29,4
667,2011-10-30,6
668,2011-10-31,1
669,2011-11-01,1
670,2011-11-02,2
671,2011-11-03,9
672,2011-11-04,4
673,2011-11-05,8
674,2011-11-06,3
675,2011-11-07,5
676,2011-11-08,8
677,2011-11-09,4
678,2011-11-10,10
679,2011-11-11,2
680,2011-11-12,5
681,2011-11-13,1
682,2011-11-14,4
683,2011-11-15,12
684,2011-11-16,4
685,2011-11-17,8
686,2011-11-18,4
687,2011-11-19,9
688,2011-11-20,5
689,2011-11-21,3
690,2011-11-22,3
691,2011-11-23,3
692,2011-11-24,3
693,2011-11-25,7
694,2011-11-26,8
695,2011-11-27,4
696,2011-11-28,3
697,2011-11-29,6
698,2011-11-30,5
699,2011-12-01,3
700,2011-12-02,6
701,2011-12-03,4
702,2011-12-04,2
703,2011-12-05,3
704,2011-12-06,3
705,2011-12-07,4
706,2011-12-08,2
707,2011-12-09,6
708,2011-12-10,6
709,2011-12-11,3
710,2011-12-12,6
711,2011-12-13,5
712,2011-12-14,6
713,2011-12-15,8
714,2011-12-16,5
715,2011-12-17,6
716,2011-12-18,8
717,2011-12-19,2
718,2011-12-20,5
719,2011-12-21,7
720,2011-12-22,9
721,2011-12-23,2
722,2011-12-24,1
723,2011-12-25,9
724,2011-12-26,4
725,2011-12-27,2
726,2011-12-28,5
727,2011-12-29,2
728,2011-12-30,2
729,2011-12-31,0
730,2012-01-01,0
731,2012-01-02,0
732,2012-01-03,1
733,2012-01-04,3
734,2012-01-05,2
735,2012-01-06,3
736,2012-01-07,2
737,2012-01-08,3
738,2012-01-09,5
739,2012-01-10,4
740,2012-01-11,3
741,2012-01-12,2
742,2012-01-13,6
743,2012-01-14,5
744,2012-01-15,4
745,2012-01-16,1
746,2012-01-17,5
747,2012-01-18,4
748,2012-01-19,6
749,2012-01-20,12
750,2012-01-21,9
751,2012-01-22,12
752,2012-01-23,3
753,2012-01-24,6
754,2012-01-25,4
755,2012-01-26,9
756,2012-01-27,9
757,2012-01-28,9
758,2012-01-29,9
759,2012-01-30,4
760,2012-01-31,6
761,2012-02-01,6
762,2012-02-02,6
763,2012-02-03,8
764,2012-02-04,3
765,2012-02-05,5
766,2012-02-06,6
767,2012-02-07,4
768,2012-02-08,4
769,2012-02-09,4
770,2012-02-10,7
771,2012-02-11,16
772,2012-02-12,6
773,2012-02-13,6
774,2012-02-14,6
775,2012-02-15,1
776,2012-02-16,3
777,2012-02-17,6
778,2012-02-18,13
779,2012-02-19,5
780,2012-02-20,4
781,2012-02-21,3
782,2012-02-22,6
783,2012-02-23,8
784,2012-02-24,5
785,2012-02-25,6
786,2012-02-26,7
787,2012-02-27,3
788,2012-02-28,2
789,2012-02-29,5
790,2012-03-01,4
791,2012-03-02,3
792,2012-03-03,4
793,2012-03-04,8
794,2012-03-05,3
795,2012-03-06,5
796,2012-03-07,4
797,2012-03-08,4
798,2012-03-09,4
799,2012-03-10,1
800,2012-03-11,5
801,2012-03-12,4
802,2012-03-13,2
803,2012-03-14,4
804,2012-03-15,6
805,2012-03-16,3
806,2012-03-17,8
807,2012-03-18,10
808,2012-03-19,10
809,2012-03-20,9
810,2012-03-21,6
811,2012-03-22,12
812,2012-03-23,10
813,2012-03-24,10
814,2012-03-25,7
815,2012-03-26,10
816,2012-03-27,9
817,2012-03-28,11
818,2012-03-29,5
819,2012-03-30,6
820,2012-03-31,8
821,2012-04-01,9
822,2012-04-02,8
823,2012-04-03,5
824,2012-04-04,7
825,2012-04-05,9
826,2012-04-06,12
827,2012-04-07,10
828,2012-04-08,11
829,2012-04-09,4
830,2012-04-10,8
831,2012-04-11,5
832,2012-04-12,6
833,2012-04-13,7
834,2012-04-14,19
835,2012-04-15,7
836,2012-04-16,6
837,2012-04-17,10
838,2012-04-18,3
839,2012-04-19,9
840,2012-04-20,9
841,2012-04-21,9
842,2012-04-22,3
843,2012-04-23,5
844,2012-04-24,9
845,2012-04-25,16
846,2012-04-26,8
847,2012-04-27,9
848,2012-04-28,7
849,2012-04-29,8
850,2012-04-30,5
851,2012-05-01,10
852,2012-05-02,6
853,2012-05-03,5
854,2012-05-04,9
855,2012-05-05,0
856,2012-05-06,1
857,2012-05-07,3
858,2012-05-08,5
859,2012-05-09,4
860,2012-05-10,2
861,2012-05-11,2
862,2012-05-12,11
863,2012-05-13,6
864,2012-05-14,5
865,2012-05-15,7
866,2012-05-16,4
867,2012-05-17,6
868,2012-05-18,7
869,2012-05-19,5
870,2012-05-20,7
871,2012-05-21,6
872,2012-05-22,8
873,2012-05-23,7
874,2012-05-24,3
875,2012-05-25,11
876,2012-05-26,5
877,2012-05-27,5
878,2012-05-28,3
879,2012-05-29,10
880,2012-05-30,2
881,2012-05-31,6
882,2012-06-01,3
883,2012-06-02,6
884,2012-06-03,5
885,2012-06-04,4
886,2012-06-05,8
887,2012-06-06,10
888,2012-06-07,3
889,2012-06-08,7
890,2012-06-09,5
891,2012-06-10,10
892,2012-06-11,8
893,2012-06-12,7
894,2012-06-13,6
895,2012-06-14,8
896,2012-06-15,6
897,2012-06-16,7
898,2012-06-17,6
899,2012-06-18,5
900,2012-06-19,5
901,2012-06-20,7
902,2012-06-21,5
903,2012-06-22,8
904,2012-06-23,6
905,2012-06-24,3
906,2012-06-25,6
907,2012-06-26,6
908,2012-06-27,9
909,2012-06-28,7
910,2012-06-29,5
911,2012-06-30,4
912,2012-07-01,7
913,2012-07-02,6
914,2012-07-03,7
915,2012-07-04,8
916,2012-07-05,4
917,2012-07-06,5
918,2012-07-07,6
919,2012-07-08,4
920,2012-07-09,4
921,2012-07-10,4
922,2012-07-11,5
923,2012-07-12,6
924,2012-07-13,3
925,2012-07-14,11
926,2012-07-15,6
927,2012-07-16,10
928,2012-07-17,8
929,2012-07-18,6
930,2012-07-19,7
931,2012-07-20,5
932,2012-07-21,4
933,2012-07-22,3
934,2012-07-23,2
935,2012-07-24,5
936,2012-07-25,11
937,2012-07-26,6
938,2012-07-27,6
939,2012-07-28,7
940,2012-07-29,3
941,2012-07-30,5
942,2012-07-31,7
943,2012-08-01,11
944,2012-08-02,2
945,2012-08-03,7
946,2012-08-04,7
947,2012-08-05,4
948,2012-08-06,1
949,2012-08-07,4
950,2012-08-08,5
951,2012-08-09,5
952,2012-08-10,11
953,2012-08-11,9
954,2012-08-12,5
955,2012-08-13,3
956,2012-08-14,7
957,2012-08-15,6
958,2012-08-16,8
959,2012-08-17,6
960,2012-08-18,4
961,2012-08-19,3
962,2012-08-20,5
963,2012-08-21,7
964,2012-08-22,10
965,2012-08-23,4
966,2012-08-24,7
967,2012-08-25,10
968,2012-08-26,3
969,2012-08-27,5
970,2012-08-28,4
971,2012-08-29,11
972,2012-08-30,7
973,2012-08-31,6
974,2012-09-01,3
975,2012-09-02,4
976,2012-09-03,10
977,2012-09-04,5
978,2012-09-05,8
979,2012-09-06,8
980,2012-09-07,9
981,2012-09-08,8
982,2012-09-09,4
983,2012-09-10,2
984,2012-09-11,5
985,2012-09-12,6
986,2012-09-13,5
987,2012-09-14,8
988,2012-09-15,4
989,2012-09-16,8
990,2012-09-17,5
991,2012-09-18,7
992,2012-09-19,4
993,2012-09-20,1
994,2012-09-21,9
995,2012-09-22,4
996,2012-09-23,3
997,2012-09-24,4
998,2012-09-25,0
999,2012-09-26,5
1000,2012-09-27,3
1001,2012-09-28,4
1002,2012-09-29,7
1003,2012-09-30,2
1004,2012-10-01,6
1005,2012-10-02,4
1006,2012-10-03,4
1007,2012-10-04,2
1008,2012-10-05,3
1009,2012-10-06,3
1010,2012-10-07,4
1011,2012-10-08,4
1012,2012-10-09,2
1013,2012-10-10,6
1014,2012-10-11,5
1015,2012-10-12,3
1016,2012-10-13,6
1017,2012-10-14,3
1018,2012-10-15,3
1019,2012-10-16,6
1020,2012-10-17,6
1021,2012-10-18,7
1022,2012-10-19,5
1023,2012-10-20,6
1024,2012-10-21,6
1025,2012-10-22,5
1026,2012-10-23,5
1027,2012-10-24,6
1028,2012-10-25,3
1029,2012-10-26,8
1030,2012-10-27,10
1031,2012-10-28,6
1032,2012-10-29,3
1033,2012-10-30,1
1034,2012-10-31,3
1035,2012-11-01,3
1036,2012-11-02,2
1037,2012-11-03,9
1038,2012-11-04,3
1039,2012-11-05,4
1040,2012-11-06,3
1041,2012-11-07,7
1042,2012-11-08,2
1043,2012-11-09,3
1044,2012-11-10,5
1045,2012-11-11,4
1046,2012-11-12,2
1047,2012-11-13,2
1048,2012-11-14,3
1049,2012-11-15,1
1050,2012-11-16,5
1051,2012-11-17,8
1052,2012-11-18,4
1053,2012-11-19,3
1054,2012-11-20,5
1055,2012-11-21,2
1056,2012-11-22,2
1057,2012-11-23,3
1058,2012-11-24,10
1059,2012-11-25,5
1060,2012-11-26,5
1061,2012-11-27,4
1062,2012-11-28,4
1063,2012-11-29,9
1064,2012-11-30,3
1065,2012-12-01,8
1066,2012-12-02,5
1067,2012-12-03,3
1068,2012-12-04,6
1069,2012-12-05,5
1070,2012-12-06,3
1071,2012-12-07,3
1072,2012-12-08,6
1073,2012-12-09,7
1074,2012-12-10,1
1075,2012-12-11,2
1076,2012-12-12,5
1077,2012-12-13,7
1078,2012-12-14,3
1079,2012-12-15,5
1080,2012-12-16,3
1081,2012-12-17,4
1082,2012-12-18,11
1083,2012-12-19,3
1084,2012-12-20,6
1085,2012-12-21,6
1086,2012-12-22,5
1087,2012-12-23,7
1088,2012-12-24,6
1089,2012-12-25,5
1090,2012-12-26,10
1091,2012-12-27,7
1092,2012-12-28,9
1093,2012-12-29,7
1094,2012-12-30,6
1095,2012-12-31,1
1096,2013-01-01,0
1097,2013-01-02,0
1098,2013-01-03,2
1099,2013-01-04,3
1100,2013-01-05,2
1101,2013-01-06,0
1102,2013-01-07,1
1103,2013-01-08,4
1104,2013-01-09,2
1105,2013-01-10,3
1106,2013-01-11,5
1107,2013-01-12,5
1108,2013-01-13,1
1109,2013-01-14,4
1110,2013-01-15,6
1111,2013-01-16,12
1112,2013-01-17,8
1113,2013-01-18,3
1114,2013-01-19,7
1115,2013-01-20,9
1116,2013-01-21,8
1117,2013-01-22,4
1118,2013-01-23,6
1119,2013-01-24,5
1120,2013-01-25,5
1121,2013-01-26,8
1122,2013-01-27,8
1123,2013-01-28,7
1124,2013-01-29,1
1125,2013-01-30,11
1126,2013-01-31,12
1127,2013-02-01,3
1128,2013-02-02,12
1129,2013-02-03,5
1130,2013-02-04,7
1131,2013-02-05,4
1132,2013-02-06,3
1133,2013-02-07,9
1134,2013-02-08,1
1135,2013-02-09,11
1136,2013-02-10,9
1137,2013-02-11,4
1138,2013-02-12,9
1139,2013-02-13,4
1140,2013-02-14,7
1141,2013-02-15,11
1142,2013-02-16,10
1143,2013-02-17,7
1144,2013-02-18,6
1145,2013-02-19,5
1146,2013-02-20,3
1147,2013-02-21,7
1148,2013-02-22,6
1149,2013-02-23,7
1150,2013-02-24,8
1151,2013-02-25,6
1152,2013-02-26,3
1153,2013-02-27,5
1154,2013-02-28,9
1155,2013-03-01,7
1156,2013-03-02,6
1157,2013-03-03,4
1158,2013-03-04,4
1159,2013-03-05,5
1160,2013-03-06,1
1161,2013-03-07,2
1162,2013-03-08,4
1163,2013-03-09,6
1164,2013-03-10,5
1165,2013-03-11,8
1166,2013-03-12,6
1167,2013-03-13,2
1168,2013-03-14,5
1169,2013-03-15,6
1170,2013-03-16,4
1171,2013-03-17,9
1172,2013-03-18,5
1173,2013-03-19,7
1174,2013-03-20,1
1175,2013-03-21,4
1176,2013-03-22,11
1177,2013-03-23,8
1178,2013-03-24,12
1179,2013-03-25,4
1180,2013-03-26,2
1181,2013-03-27,8
1182,2013-03-28,9
1183,2013-03-29,6
1184,2013-03-30,9
1185,2013-03-31,5
1186,2013-04-01,0
1187,2013-04-02,1
1188,2013-04-03,5
1189,2013-04-04,4
1190,2013-04-05,6
1191,2013-04-06,2
1192,2013-04-07,8
1193,2013-04-08,4
1194,2013-04-09,4
1195,2013-04-10,6
1196,2013-04-11,4
1197,2013-04-12,4
1198,2013-04-13,8
1199,2013-04-14,3
1200,2013-04-15,7
1201,2013-04-16,7
1202,2013-04-17,6
1203,2013-04-18,3
1204,2013-04-19,5
1205,2013-04-20,9
1206,2013-04-21,5
1207,2013-04-22,4
1208,2013-04-23,4
1209,2013-04-24,2
1210,2013-04-25,3
1211,2013-04-26,4
1212,2013-04-27,6
1213,2013-04-28,3
1214,2013-04-29,6
1215,2013-04-30,8
1216,2013-05-01,3
1217,2013-05-02,4
1218,2013-05-03,3
1219,2013-05-04,1
1220,2013-05-05,2
1221,2013-05-06,3
1222,2013-05-07,4
1223,2013-05-08,1
1224,2013-05-09,2
1225,2013-05-10,0
1226,2013-05-11,4
1227,2013-05-12,0
1228,2013-05-13,4
1229,2013-05-14,7
1230,2013-05-15,4
1231,2013-05-16,7
1232,2013-05-17,2
1233,2013-05-18,0
1234,2013-05-19,5
1235,2013-05-20,9
1236,2013-05-21,6
1237,2013-05-22,4
1238,2013-05-23,3
1239,2013-05-24,1
1240,2013-05-25,5
1241,2013-05-26,0
1242,2013-05-27,2
1243,2013-05-28,2
1244,2013-05-29,2
1245,2013-05-30,3
1246,2013-05-31,6
1247,2013-06-01,8
1248,2013-06-02,4
1249,2013-06-03,3
1250,2013-06-04,5
1251,2013-06-05,3
1252,2013-06-06,5
1253,2013-06-07,4
1254,2013-06-08,2
1255,2013-06-09,3
1256,2013-06-10,8
1257,2013-06-11,2
1258,2013-06-12,5
1259,2013-06-13,10
1260,2013-06-14,5
1261,2013-06-15,5
1262,2013-06-16,3
1263,2013-06-17,5
1264,2013-06-18,6
1265,2013-06-19,10
1266,2013-06-20,6
1267,2013-06-21,9
1268,2013-06-22,8
1269,2013-06-23,6
1270,2013-06-24,6
1271,2013-06-25,10
1272,2013-06-26,10
1273,2013-06-27,4
1274,2013-06-28,9
1275,2013-06-29,9
1276,2013-06-30,8
1277,2013-07-01,3
1278,2013-07-02,4
1279,2013-07-03,2
1280,2013-07-04,3
1281,2013-07-05,3
1282,2013-07-06,6
1283,2013-07-07,8
1284,2013-07-08,3
1285,2013-07-09,5
1286,2013-07-10,8
1287,2013-07-11,3
1288,2013-07-12,2
1289,2013-07-13,4
1290,2013-07-14,3
1291,2013-07-15,8
1292,2013-07-16,3
1293,2013-07-17,5
1294,2013-07-18,5
1295,2013-07-19,4
1296,2013-07-20,8
1297,2013-07-21,9
1298,2013-07-22,4
1299,2013-07-23,2
1300,2013-07-24,10
1301,2013-07-25,4
1302,2013-07-26,6
1303,2013-07-27,5
1304,2013-07-28,7
1305,2013-07-29,5
1306,2013-07-30,4
1307,2013-07-31,4
1308,2013-08-01,10
1309,2013-08-02,5
1310,2013-08-03,6
1311,2013-08-04,4
1312,2013-08-05,5
1313,2013-08-06,1
1314,2013-08-07,12
1315,2013-08-08,18
1316,2013-08-09,11
1317,2013-08-10,4
1318,2013-08-11,4
1319,2013-08-12,8
1320,2013-08-13,7
1321,2013-08-14,4
1322,2013-08-15,9
1323,2013-08-16,1
1324,2013-08-17,1
1325,2013-08-18,4
1326,2013-08-19,5
1327,2013-08-20,3
1328,2013-08-21,6
1329,2013-08-22,4
1330,2013-08-23,4
1331,2013-08-24,3
1332,2013-08-25,14
1333,2013-08-26,6
1334,2013-08-27,4
1335,2013-08-28,5
1336,2013-08-29,6
1337,2013-08-30,7
1338,2013-08-31,5
1339,2013-09-01,1
1340,2013-09-02,2
1341,2013-09-03,6
1342,2013-09-04,5
1343,2013-09-05,5
1344,2013-09-06,7
1345,2013-09-07,1
1346,2013-09-08,4
1347,2013-09-09,3
1348,2013-09-10,7
1349,2013-09-11,4
1350,2013-09-12,5
1351,2013-09-13,7
1352,2013-09-14,1
1353,2013-09-15,2
1354,2013-09-16,6
1355,2013-09-17,3
1356,2013-09-18,7
1357,2013-09-19,4
1358,2013-09-20,1
1359,2013-09-21,1
1360,2013-09-22,1
1361,2013-09-23,4
1362,2013-09-24,8
1363,2013-09-25,2
1364,2013-09-26,7
1365,2013-09-27,10
1366,2013-09-28,3
1367,2013-09-29,3
1368,2013-09-30,5
1369,2013-10-01,4
1370,2013-10-02,7
1371,2013-10-03,4
1372,2013-10-04,3
1373,2013-10-05,3
1374,2013-10-06,4
1375,2013-10-07,4
1376,2013-10-08,9
1377,2013-10-09,4
1378,2013-10-10,1
1379,2013-10-11,3
1380,2013-10-12,6
1381,2013-10-13,5
1382,2013-10-14,1
1383,2013-10-15,4
1384,2013-10-16,8
1385,2013-10-17,7
1386,2013-10-18,4
1387,2013-10-19,7
1388,2013-10-20,6
1389,2013-10-21,4
1390,2013-10-22,5
1391,2013-10-23,7
1392,2013-10-24,7
1393,2013-10-25,5
1394,2013-10-26,8
1395,2013-10-27,5
1396,2013-10-28,2
1397,2013-10-29,4
1398,2013-10-30,4
1399,2013-10-31,5
1400,2013-11-01,5
1401,2013-11-02,3
1402,2013-11-03,0
1403,2013-11-04,7
1404,2013-11-05,5
1405,2013-11-06,4
1406,2013-11-07,0
1407,2013-11-08,5
1408,2013-11-09,3
1409,2013-11-10,5
1410,2013-11-11,5
1411,2013-11-12,6
1412,2013-11-13,8
1413,2013-11-14,5
1414,2013-11-15,8
1415,2013-11-16,5
1416,2013-11-17,3
1417,2013-11-18,4
1418,2013-11-19,6
1419,2013-11-20,2
1420,2013-11-21,4
1421,2013-11-22,16
1422,2013-11-23,4
1423,2013-11-24,7
1424,2013-11-25,7
1425,2013-11-26,6
1426,2013-11-27,4
1427,2013-11-28,9
1428,2013-11-29,4
1429,2013-11-30,6
1430,2013-12-01,2
1431,2013-12-02,3
1432,2013-12-03,4
1433,2013-12-04,5
1434,2013-12-05,9
1435,2013-12-06,3
1436,2013-12-07,3
1437,2013-12-08,9
1438,2013-12-09,11
1439,2013-12-10,6
1440,2013-12-11,6
1441,2013-12-12,5
1442,2013-12-13,1
1443,2013-12-14,3
1444,2013-12-15,8
1445,2013-12-16,8
1446,2013-12-17,1
1447,2013-12-18,3
1448,2013-12-19,4
1449,2013-12-20,3
1450,2013-12-21,5
1451,2013-12-22,6
1452,2013-12-23,3
1453,2013-12-24,4
1454,2013-12-25,1
1455,2013-12-26,10
1456,2013-12-27,6
1457,2013-12-28,5
1458,2013-12-29,3
1459,2013-12-30,3
1460,2013-12-31,0
1461,2014-01-01,0
1462,2014-01-02,0
1463,2014-01-03,0
1464,2014-01-04,0
1465,2014-01-05,1
1466,2014-01-06,2
1467,2014-01-07,5
1468,2014-01-08,5
1469,2014-01-09,1
1470,2014-01-10,3
1471,2014-01-11,9
1472,2014-01-12,12
1473,2014-01-13,3
1474,2014-01-14,4
1475,2014-01-15,7
1476,2014-01-16,4
1477,2014-01-17,5
1478,2014-01-18,9
1479,2014-01-19,3
1480,2014-01-20,4
1481,2014-01-21,4
1482,2014-01-22,3
1483,2014-01-23,8
1484,2014-01-24,4
1485,2014-01-25,3
1486,2014-01-26,3
1487,2014-01-27,6
1488,2014-01-28,3
1489,2014-01-29,4
1490,2014-01-30,5
1491,2014-01-31,5
1492,2014-02-01,5
1493,2014-02-02,5
1494,2014-02-03,5
1495,2014-02-04,8
1496,2014-02-05,1
1497,2014-02-06,6
1498,2014-02-07,6
1499,2014-02-08,6
1500,2014-02-09,6
1501,2014-02-10,5
1502,2014-02-11,4
1503,2014-02-12,5
1504,2014-02-13,4
1505,2014-02-14,4
1506,2014-02-15,7
1507,2014-02-16,4
1508,2014-02-17,2
1509,2014-02-18,1
1510,2014-02-19,0
1511,2014-02-20,12
1512,2014-02-21,5
1513,2014-02-22,6
1514,2014-02-23,6
1515,2014-02-24,4
1516,2014-02-25,4
1517,2014-02-26,8
1518,2014-02-27,4
1519,2014-02-28,3
1520,2014-03-01,12
1521,2014-03-02,9
1522,2014-03-03,7
1523,2014-03-04,7
1524,2014-03-05,7
1525,2014-03-06,7
1526,2014-03-07,4
1527,2014-03-08,5
1528,2014-03-09,4
1529,2014-03-10,4
1530,2014-03-11,7
1531,2014-03-12,6
1532,2014-03-13,7
1533,2014-03-14,3
1534,2014-03-15,9
1535,2014-03-16,9
1536,2014-03-17,6
1537,2014-03-18,8
1538,2014-03-19,7
1539,2014-03-20,2
1540,2014-03-21,7
1541,2014-03-22,12
1542,2014-03-23,3
1543,2014-03-24,6
1544,2014-03-25,6
1545,2014-03-26,3
1546,2014-03-27,5
1547,2014-03-28,7
1548,2014-03-29,4
1549,2014-03-30,16
1550,2014-03-31,0
1551,2014-04-01,4
1552,2014-04-02,6
1553,2014-04-03,6
1554,2014-04-04,6
1555,2014-04-05,7
1556,2014-04-06,1
1557,2014-04-07,6
1558,2014-04-08,4
1559,2014-04-09,7
1560,2014-04-10,11
1561,2014-04-11,6
1562,2014-04-12,7
1563,2014-04-13,6
1564,2014-04-14,8
1565,2014-04-15,7
1566,2014-04-16,3
1567,2014-04-17,7
1568,2014-04-18,1
1569,2014-04-19,3
1570,2014-04-20,2
1571,2014-04-21,3
1572,2014-04-22,4
1573,2014-04-23,8
1574,2014-04-24,1
1575,2014-04-25,2
1576,2014-04-26,5
1577,2014-04-27,9
1578,2014-04-28,7
1579,2014-04-29,9
1580,2014-04-30,5
1581,2014-05-01,4
1582,2014-05-02,2
1583,2014-05-03,2
1584,2014-05-04,2
1585,2014-05-05,7
1586,2014-05-06,3
1587,2014-05-07,9
1588,2014-05-08,5
1589,2014-05-09,1
1590,2014-05-10,4
1591,2014-05-11,3
1592,2014-05-12,0
1593,2014-05-13,4
1594,2014-05-14,5
1595,2014-05-15,6
1596,2014-05-16,8
1597,2014-05-17,0
1598,2014-05-18,5
1599,2014-05-19,6
1600,2014-05-20,2
1601,2014-05-21,5
1602,2014-05-22,5
1603,2014-05-23,4
1604,2014-05-24,8
1605,2014-05-25,1
1606,2014-05-26,4
1607,2014-05-27,3
1608,2014-05-28,6
1609,2014-05-29,4
1610,2014-05-30,3
1611,2014-05-31,4
1612,2014-06-01,1
1613,2014-06-02,6
1614,2014-06-03,6
1615,2014-06-04,4
1616,2014-06-05,0
1617,2014-06-06,6
1618,2014-06-07,2
1619,2014-06-08,5
1620,2014-06-09,8
1621,2014-06-10,6
1622,2014-06-11,7
1623,2014-06-12,2
1624,2014-06-13,2
1625,2014-06-14,0
1626,2014-06-15,2
1627,2014-06-16,3
1628,2014-06-17,6
1629,2014-06-18,2
1630,2014-06-19,4
1631,2014-06-20,6
1632,2014-06-21,5
1633,2014-06-22,3
1634,2014-06-23,9
1635,2014-06-24,9
1636,2014-06-25,4
1637,2014-06-26,7
1638,2014-06-27,5
1639,2014-06-28,5
1640,2014-06-29,3
1641,2014-06-30,8
1642,2014-07-01,3
1643,2014-07-02,6
1644,2014-07-03,5
1645,2014-07-04,3
1646,2014-07-05,3
1647,2014-07-06,4
1648,2014-07-07,3
1649,2014-07-08,9
1650,2014-07-09,6
1651,2014-07-10,4
1652,2014-07-11,5
1653,2014-07-12,2
1654,2014-07-13,4
1655,2014-07-14,3
1656,2014-07-15,5
1657,2014-07-16,4
1658,2014-07-17,10
1659,2014-07-18,2
1660,2014-07-19,9
1661,2014-07-20,1
1662,2014-07-21,2
1663,2014-07-22,3
1664,2014-07-23,12
1665,2014-07-24,6
1666,2014-07-25,2
1667,2014-07-26,4
1668,2014-07-27,1
1669,2014-07-28,8
1670,2014-07-29,4
1671,2014-07-30,8
1672,2014-07-31,7
1673,2014-08-01,2
1674,2014-08-02,1
1675,2014-08-03,5
1676,2014-08-04,3
1677,2014-08-05,6
1678,2014-08-06,4
1679,2014-08-07,5
1680,2014-08-08,6
1681,2014-08-09,2
1682,2014-08-10,4
1683,2014-08-11,5
1684,2014-08-12,7
1685,2014-08-13,5
1686,2014-08-14,3
1687,2014-08-15,3
1688,2014-08-16,2
1689,2014-08-17,3
1690,2014-08-18,6
1691,2014-08-19,13
1692,2014-08-20,7
1693,2014-08-21,4
1694,2014-08-22,6
1695,2014-08-23,2
1696,2014-08-24,3
1697,2014-08-25,3
1698,2014-08-26,8
1699,2014-08-27,3
1700,2014-08-28,7
1701,2014-08-29,11
1702,2014-08-30,7
1703,2014-08-31,4
1704,2014-09-01,12
1705,2014-09-02,7
1706,2014-09-03,7
1707,2014-09-04,1
1708,2014-09-05,2
1709,2014-09-06,0
1710,2014-09-07,5
1711,2014-09-08,4
1712,2014-09-09,5
1713,2014-09-10,6
1714,2014-09-11,4
1715,2014-09-12,5
1716,2014-09-13,4
1717,2014-09-14,5
1718,2014-09-15,4
1719,2014-09-16,7
1720,2014-09-17,5
1721,2014-09-18,6
1722,2014-09-19,3
1723,2014-09-20,4
1724,2014-09-21,6
1725,2014-09-22,6
1726,2014-09-23,6
1727,2014-09-24,2
1728,2014-09-25,4
1729,2014-09-26,3
1730,2014-09-27,7
1731,2014-09-28,3
1732,2014-09-29,4
1733,2014-09-30,6
1734,2014-10-01,7
1735,2014-10-02,3
1736,2014-10-03,4
1737,2014-10-04,5
1738,2014-10-05,7
1739,2014-10-06,6
1740,2014-10-07,2
1741,2014-10-08,2
1742,2014-10-09,3
1743,2014-10-10,4
1744,2014-10-11,9
1745,2014-10-12,6
1746,2014-10-13,4
1747,2014-10-14,7
1748,2014-10-15,8
1749,2014-10-16,3
1750,2014-10-17,6
1751,2014-10-18,8
1752,2014-10-19,7
1753,2014-10-20,6
1754,2014-10-21,2
1755,2014-10-22,6
1756,2014-10-23,7
1757,2014-10-24,7
1758,2014-10-25,4
1759,2014-10-26,5
1760,2014-10-27,5
1761,2014-10-28,7
1762,2014-10-29,6
1763,2014-10-30,4
1764,2014-10-31,3
1765,2014-11-01,6
1766,2014-11-02,6
1767,2014-11-03,5
1768,2014-11-04,5
1769,2014-11-05,6
1770,2014-11-06,4
1771,2014-11-07,10
1772,2014-11-08,11
1773,2014-11-09,10
1774,2014-11-10,11
1775,2014-11-11,11
1776,2014-11-12,7
1777,2014-11-13,10
1778,2014-11-14,10
1779,2014-11-15,7
1780,2014-11-16,10
1781,2014-11-17,8
1782,2014-11-18,10
1783,2014-11-19,7
1784,2014-11-20,6
1785,2014-11-21,10
1786,2014-11-22,11
1787,2014-11-23,5
1788,2014-11-24,5
1789,2014-11-25,5
1790,2014-11-26,7
1791,2014-11-27,7
1792,2014-11-28,10
1793,2014-11-29,12
1794,2014-11-30,9
1795,2014-12-01,5
1796,2014-12-02,11
1797,2014-12-03,22
1798,2014-12-04,11
1799,2014-12-05,11
1800,2014-12-06,14
1801,2014-12-07,11
1802,2014-12-08,11
1803,2014-12-09,9
1804,2014-12-10,9
1805,2014-12-11,7
1806,2014-12-12,9
1807,2014-12-13,8
1808,2014-12-14,6
1809,2014-12-15,9
1810,2014-12-16,32
1811,2014-12-17,34
1812,2014-12-18,11
1813,2014-12-19,11
1814,2014-12-20,5
1815,2014-12-21,5
1816,2014-12-22,7
1817,2014-12-23,1
1818,2014-12-24,1
1819,2014-12-25,6
1820,2014-12-26,5
1821,2014-12-27,3
1822,2014-12-28,1
1823,2014-12-29,1
1824,2014-12-30,1
1825,2014-12-31,1
1826,2015-01-01,0
1827,2015-01-02,0
1828,2015-01-03,0
1829,2015-01-04,2
1830,2015-01-05,0
1831,2015-01-06,1
1832,2015-01-07,1
1833,2015-01-08,1
1834,2015-01-09,2
1835,2015-01-10,1
1836,2015-01-11,2
1837,2015-01-12,2
1838,2015-01-13,1
1839,2015-01-14,1
1840,2015-01-15,1
1841,2015-01-16,2
1842,2015-01-17,0
1843,2015-01-18,3
1844,2015-01-19,1
1845,2015-01-20,1
1846,2015-01-21,4
1847,2015-01-22,0
1848,2015-01-23,0
1849,2015-01-24,2
1850,2015-01-25,0
1851,2015-01-26,1
1852,2015-01-27,3
1853,2015-01-28,2
1854,2015-01-29,4
1855,2015-01-30,4
1856,2015-01-31,1
1857,2015-02-01,1
1858,2015-02-02,3
1859,2015-02-03,4
1860,2015-02-04,8
1861,2015-02-05,1
1862,2015-02-06,1
1863,2015-02-07,0
1864,2015-02-08,4
1865,2015-02-09,1
1866,2015-02-10,3
1867,2015-02-11,4
1868,2015-02-12,4
1869,2015-02-13,1
1870,2015-02-14,3
1871,2015-02-15,2
1872,2015-02-16,6
1873,2015-02-17,4
1874,2015-02-18,0
1875,2015-02-19,5
1876,2015-02-20,2
1877,2015-02-21,5
1878,2015-02-22,3
1879,2015-02-23,1
1880,2015-02-24,0
1881,2015-02-25,3
1882,2015-02-26,3
1883,2015-02-27,2
1884,2015-02-28,2
1885,2015-03-01,3
1886,2015-03-02,4
1887,2015-03-03,3
1888,2015-03-04,8
1889,2015-03-05,6
1890,2015-03-06,2
1891,2015-03-07,3
1892,2015-03-08,1
1893,2015-03-09,5
1894,2015-03-10,6
1895,2015-03-11,1
1896,2015-03-12,7
1897,2015-03-13,1
1898,2015-03-14,2
1899,2015-03-15,2
1900,2015-03-16,3
1901,2015-03-17,6
1902,2015-03-18,3
1903,2015-03-19,3
1904,2015-03-20,2
1905,2015-03-21,5
1906,2015-03-22,4
1907,2015-03-23,7
1908,2015-03-24,8
1909,2015-03-25,6
1910,2015-03-26,4
1911,2015-03-27,4
1912,2015-03-28,4
1913,2015-03-29,4
1914,2015-03-30,10
1915,2015-03-31,8
1916,2015-04-01,1
1917,2015-04-02,1
1918,2015-04-03,4
1919,2015-04-04,5
1920,2015-04-05,0
1921,2015-04-06,3
1922,2015-04-07,5
1923,2015-04-08,5
1924,2015-04-09,5
1925,2015-04-10,3
1926,2015-04-11,2
1927,2015-04-12,1
1928,2015-04-13,3
1929,2015-04-14,1
1930,2015-04-15,2
1931,2015-04-16,0
1932,2015-04-17,2
1933,2015-04-18,3
1934,2015-04-19,1
1935,2015-04-20,3
1936,2015-04-21,4
1937,2015-04-22,3
1938,2015-04-23,3
1939,2015-04-24,3
1940,2015-04-25,5
1941,2015-04-26,4
1942,2015-04-27,3
1943,2015-04-28,1
1944,2015-04-29,1
1945,2015-04-30,2
1946,2015-05-01,0
1947,2015-05-02,2
1948,2015-05-03,0
1949,2015-05-04,0
1950,2015-05-05,1
1951,2015-05-06,2
1952,2015-05-07,3
1953,2015-05-08,1
1954,2015-05-09,0
1955,2015-05-10,0
1956,2015-05-11,0
1957,2015-05-12,3
1958,2015-05-13,1
1959,2015-05-14,0
1960,2015-05-15,1
1961,2015-05-16,0
1962,2015-05-17,2
1963,2015-05-18,1
1964,2015-05-19,2
1965,2015-05-20,6
1966,2015-05-21,0
1967,2015-05-22,4
1968,2015-05-23,4
1969,2015-05-24,0
1970,2015-05-25,2
1971,2015-05-26,4
1972,2015-05-27,4
1973,2015-05-28,1
1974,2015-05-29,17
1975,2015-05-30,3
1976,2015-05-31,0
1977,2015-06-01,3
1978,2015-06-02,1
1979,2015-06-03,3
1980,2015-06-04,4
1981,2015-06-05,2
1982,2015-06-06,2
1983,2015-06-07,1
1984,2015-06-08,2
1985,2015-06-09,2
1986,2015-06-10,6
1987,2015-06-11,3
1988,2015-06-12,0
1989,2015-06-13,0
1990,2015-06-14,1
1991,2015-06-15,2
1992,2015-06-16,3
1993,2015-06-17,0
1994,2015-06-18,4
1995,2015-06-19,0
1996,2015-06-20,0
1997,2015-06-21,4
1998,2015-06-22,5
1999,2015-06-23,4
2000,2015-06-24,1
2001,2015-06-25,2
2002,2015-06-26,5
2003,2015-06-27,3
2004,2015-06-28,4
2005,2015-06-29,3
2006,2015-06-30,1
2007,2015-07-01,1
2008,2015-07-02,1
2009,2015-07-03,3
2010,2015-07-04,2
2011,2015-07-05,0
2012,2015-07-06,2
2013,2015-07-07,1
2014,2015-07-08,2
2015,2015-07-09,5
2016,2015-07-10,2
2017,2015-07-11,1
2018,2015-07-12,0
2019,2015-07-13,2
2020,2015-07-14,6
2021,2015-07-15,3
2022,2015-07-16,2
2023,2015-07-17,2
2024,2015-07-18,3
2025,2015-07-19,0
2026,2015-07-20,0
2027,2015-07-21,2
2028,2015-07-22,1
2029,2015-07-23,4
2030,2015-07-24,2
2031,2015-07-25,2
2032,2015-07-26,1
2033,2015-07-27,2
2034,2015-07-28,4
2035,2015-07-29,2
2036,2015-07-30,1
2037,2015-07-31,3
2038,2015-08-01,1
2039,2015-08-02,1
2040,2015-08-03,2
2041,2015-08-04,3
2042,2015-08-05,2
2043,2015-08-06,6
2044,2015-08-07,5
2045,2015-08-08,1
2046,2015-08-09,0
2047,2015-08-10,3
2048,2015-08-11,4
2049,2015-08-12,1
2050,2015-08-13,6
2051,2015-08-14,4
2052,2015-08-15,4
2053,2015-08-16,4
2054,2015-08-17,5
2055,2015-08-18,1
2056,2015-08-19,1
2057,2015-08-20,3
2058,2015-08-21,6
2059,2015-08-22,3
2060,2015-08-23,2
2061,2015-08-24,8
2062,2015-08-25,8
2063,2015-08-26,6
2064,2015-08-27,4
2065,2015-08-28,6
2066,2015-08-29,7
2067,2015-08-30,4
2068,2015-08-31,8
2069,2015-09-01,3
2070,2015-09-02,6
2071,2015-09-03,4
2072,2015-09-04,4
2073,2015-09-05,1
2074,2015-09-06,3
2075,2015-09-07,7
2076,2015-09-08,12
2077,2015-09-09,5
2078,2015-09-10,2
2079,2015-09-11,4
2080,2015-09-12,0
2081,2015-09-13,1
2082,2015-09-14,1
2083,2015-09-15,2
2084,2015-09-16,5
2085,2015-09-17,0
2086,2015-09-18,2
2087,2015-09-19,2
2088,2015-09-20,2
2089,2015-09-21,2
2090,2015-09-22,4
2091,2015-09-23,2
2092,2015-09-24,5
2093,2015-09-25,5
2094,2015-09-26,1
2095,2015-09-27,1
2096,2015-09-28,4
2097,2015-09-29,4
2098,2015-09-30,4
2099,2015-10-01,2
2100,2015-10-02,1
2101,2015-10-03,2
2102,2015-10-04,0
2103,2015-10-05,1
2104,2015-10-06,2
2105,2015-10-07,3
2106,2015-10-08,1
2107,2015-10-09,12
2108,2015-10-10,1
2109,2015-10-11,0
2110,2015-10-12,3
2111,2015-10-13,3
2112,2015-10-14,24
2113,2015-10-15,2
2114,2015-10-16,3
2115,2015-10-17,0
2116,2015-10-18,4
2117,2015-10-19,1
2118,2015-10-20,1
2119,2015-10-21,6
2120,2015-10-22,10
2121,2015-10-23,0
2122,2015-10-24,2
2123,2015-10-25,6
2124,2015-10-26,1
2125,2015-10-27,1
2126,2015-10-28,2
2127,2015-10-29,3
2128,2015-10-30,1
2129,2015-10-31,0
2130,2015-11-01,1
2131,2015-11-02,1
2132,2015-11-03,0
2133,2015-11-04,2
2134,2015-11-05,5
2135,2015-11-06,2
2136,2015-11-07,4
2137,2015-11-08,1
2138,2015-11-09,1
2139,2015-11-10,3
2140,2015-11-11,6
2141,2015-11-12,3
2142,2015-11-13,2
2143,2015-11-14,3
2144,2015-11-15,3
2145,2015-11-16,2
2146,2015-11-17,4
2147,2015-11-18,0
2148,2015-11-19,1
2149,2015-11-20,3
2150,2015-11-21,5
2151,2015-11-22,1
2152,2015-11-23,3
2153,2015-11-24,5
2154,2015-11-25,5
2155,2015-11-26,3
2156,2015-11-27,2
2157,2015-11-28,4
2158,2015-11-29,0
2159,2015-11-30,1
2160,2015-12-01,5
2161,2015-12-02,12
2162,2015-12-03,6
2163,2015-12-04,1
2164,2015-12-05,2
2165,2015-12-06,1
2166,2015-12-07,5
2167,2015-12-08,6
2168,2015-12-09,4
2169,2015-12-10,7
2170,2015-12-11,10
2171,2015-12-12,2
2172,2015-12-13,3
2173,2015-12-14,4
2174,2015-12-15,7
2175,2015-12-16,1
2176,2015-12-17,3
2177,2015-12-18,2
2178,2015-12-19,4
2179,2015-12-20,3
2180,2015-12-21,0
2181,2015-12-22,2
2182,2015-12-23,1
2183,2015-12-24,3
2184,2015-12-25,1
2185,2015-12-26,2
2186,2015-12-27,1
2187,2015-12-28,0
2188,2015-12-29,2
2189,2015-12-30,2
2190,2015-12-31,0
2191,2016-01-01,0
2192,2016-01-02,0
2193,2016-01-03,1
2194,2016-01-04,0
2195,2016-01-05,0
2196,2016-01-06,0
2197,2016-01-07,1
2198,2016-01-08,1
2199,2016-01-09,0
2200,2016-01-10,0
2201,2016-01-11,0
2202,2016-01-12,4
2203,2016-01-13,4
2204,2016-01-14,2
2205,2016-01-15,2
2206,2016-01-16,2
2207,2016-01-17,2
2208,2016-01-18,3
2209,2016-01-19,2
2210,2016-01-20,3
2211,2016-01-21,2
2212,2016-01-22,4
2213,2016-01-23,3
2214,2016-01-24,2
2215,2016-01-25,8
2216,2016-01-26,5
2217,2016-01-27,18
2218,2016-01-28,2
2219,2016-01-29,2
2220,2016-01-30,0
2221,2016-01-31,3
2222,2016-02-01,3
2223,2016-02-02,0
2224,2016-02-03,1
2225,2016-02-04,2
2226,2016-02-05,3
2227,2016-02-06,0
2228,2016-02-07,3
2229,2016-02-08,3
2230,2016-02-09,2
2231,2016-02-10,2
2232,2016-02-11,4
2233,2016-02-12,5
2234,2016-02-13,1
2235,2016-02-14,2
2236,2016-02-15,4
2237,2016-02-16,3
2238,2016-02-17,1
2239,2016-02-18,0
2240,2016-02-19,3
2241,2016-02-20,2
2242,2016-02-21,2
2243,2016-02-22,1
2244,2016-02-23,2
2245,2016-02-24,1
2246,2016-02-25,2
2247,2016-02-26,2
2248,2016-02-27,0
2249,2016-02-28,0
2250,2016-02-29,4
2251,2016-03-01,2
2252,2016-03-02,0
2253,2016-03-03,1
2254,2016-03-04,5
2255,2016-03-05,0
2256,2016-03-06,1
2257,2016-03-07,1
2258,2016-03-08,0
2259,2016-03-09,1
2260,2016-03-10,4
2261,2016-03-11,1
2262,2016-03-12,2
2263,2016-03-13,2
2264,2016-03-14,2
2265,2016-03-15,3
2266,2016-03-16,5
2267,2016-03-17,3
2268,2016-03-18,18
2269,2016-03-19,3
2270,2016-03-20,3
2271,2016-03-21,2
2272,2016-03-22,2
2273,2016-03-23,1
2274,2016-03-24,1
2275,2016-03-25,1
2276,2016-03-26,1
2277,2016-03-27,2
2278,2016-03-28,4
2279,2016-03-29,2
2280,2016-03-30,3
2281,2016-03-31,0
2282,2016-04-01,3
2283,2016-04-02,2
2284,2016-04-03,2
2285,2016-04-04,2
2286,2016-04-05,1
2287,2016-04-06,2
2288,2016-04-07,3
2289,2016-04-08,6
2290,2016-04-09,3
2291,2016-04-10,1
2292,2016-04-11,6
2293,2016-04-12,3
2294,2016-04-13,4
2295,2016-04-14,4
2296,2016-04-15,0
2297,2016-04-16,3
2298,2016-04-17,2
2299,2016-04-18,0
2300,2016-04-19,2
2301,2016-04-20,1
2302,2016-04-21,5
2303,2016-04-22,4
2304,2016-04-23,1
2305,2016-04-24,2
2306,2016-04-25,0
2307,2016-04-26,2
2308,2016-04-27,2
2309,2016-04-28,0
2310,2016-04-29,3
2311,2016-04-30,1
2312,2016-05-01,1
2313,2016-05-02,1
2314,2016-05-03,0
2315,2016-05-04,1
2316,2016-05-05,1
2317,2016-05-06,0
2318,2016-05-07,0
2319,2016-05-08,0
2320,2016-05-09,0
2321,2016-05-10,1
2322,2016-05-11,1
2323,2016-05-12,1
2324,2016-05-13,2
2325,2016-05-14,2
2326,2016-05-15,1
2327,2016-05-16,1
2328,2016-05-17,5
2329,2016-05-18,5
2330,2016-05-19,6
2331,2016-05-20,5
2332,2016-05-21,4
2333,2016-05-22,1
2334,2016-05-23,4
2335,2016-05-24,3
2336,2016-05-25,2
2337,2016-05-26,3
2338,2016-05-27,2
2339,2016-05-28,0
2340,2016-05-29,4
2341,2016-05-30,1
2342,2016-05-31,1
2343,2016-06-01,2
2344,2016-06-02,1
2345,2016-06-03,1
2346,2016-06-04,0
2347,2016-06-05,3
2348,2016-06-06,0
2349,2016-06-07,2
2350,2016-06-08,1
2351,2016-06-09,3
2352,2016-06-10,2
2353,2016-06-11,1
2354,2016-06-12,2
2355,2016-06-13,1
2356,2016-06-14,1
2357,2016-06-15,5
2358,2016-06-16,4
2359,2016-06-17,3
2360,2016-06-18,0
2361,2016-06-19,2
2362,2016-06-20,2
2363,2016-06-21,1
2364,2016-06-22,1
2365,2016-06-23,3
2366,2016-06-24,1
2367,2016-06-25,0
2368,2016-06-26,0
2369,2016-06-27,2
2370,2016-06-28,1
2371,2016-06-29,1
2372,2016-06-30,0
2373,2016-07-01,1
2374,2016-07-02,1
2375,2016-07-03,0
2376,2016-07-04,0
2377,2016-07-05,2
2378,2016-07-06,2
2379,2016-07-07,0
2380,2016-07-08,5
2381,2016-07-09,1
2382,2016-07-10,0
2383,2016-07-11,2
2384,2016-07-12,0
2385,2016-07-13,2
2386,2016-07-14,0
2387,2016-07-15,3
2388,2016-07-16,2
2389,2016-07-17,0
2390,2016-07-18,1
2391,2016-07-19,3
2392,2016-07-20,0
2393,2016-07-21,5
2394,2016-07-22,0
2395,2016-07-23,1
2396,2016-07-24,1
2397,2016-07-25,1
2398,2016-07-26,1
2399,2016-07-27,8
2400,2016-07-28,2
2401,2016-07-29,1
2402,2016-07-30,2
2403,2016-07-31,4
2404,2016-08-01,3
2405,2016-08-02,4
2406,2016-08-03,1
2407,2016-08-04,1
2408,2016-08-05,3
2409,2016-08-06,2
2410,2016-08-07,0
2411,2016-08-08,1
2412,2016-08-09,1
2413,2016-08-10,1
2414,2016-08-11,2
2415,2016-08-12,1
2416,2016-08-13,1
2417,2016-08-14,2
2418,2016-08-15,1
2419,2016-08-16,4
2420,2016-08-17,2
2421,2016-08-18,1
2422,2016-08-19,2
2423,2016-08-20,0
2424,2016-08-21,1
2425,2016-08-22,0
2426,2016-08-23,1
2427,2016-08-24,1
2428,2016-08-25,3
2429,2016-08-26,3
2430,2016-08-27,2
2431,2016-08-28,1
2432,2016-08-29,1
2433,2016-08-30,1
2434,2016-08-31,0
2435,2016-09-01,0
2436,2016-09-02,4
2437,2016-09-03,0
2438,2016-09-04,1
2439,2016-09-05,2
2440,2016-09-06,3
2441,2016-09-07,3
2442,2016-09-08,2
2443,2016-09-09,3
2444,2016-09-10,4
2445,2016-09-11,0
2446,2016-09-12,3
2447,2016-09-13,2
2448,2016-09-14,1
2449,2016-09-15,4
2450,2016-09-16,2
2451,2016-09-17,0
2452,2016-09-18,1
2453,2016-09-19,6
2454,2016-09-20,3
2455,2016-09-21,3
2456,2016-09-22,0
2457,2016-09-23,1
2458,2016-09-24,2
2459,2016-09-25,2
2460,2016-09-26,1
2461,2016-09-27,0
2462,2016-09-28,2
2463,2016-09-29,1
2464,2016-09-30,4
2465,2016-10-01,4
2466,2016-10-02,4
2467,2016-10-03,1
2468,2016-10-04,0
2469,2016-10-05,1
2470,2016-10-06,3
2471,2016-10-07,1
2472,2016-10-08,1
2473,2016-10-09,0
2474,2016-10-10,1
2475,2016-10-11,3
2476,2016-10-12,2
2477,2016-10-13,1
2478,2016-10-14,3
2479,2016-10-15,2
2480,2016-10-16,3
2481,2016-10-17,1
2482,2016-10-18,0
2483,2016-10-19,2
2484,2016-10-20,2
2485,2016-10-21,0
2486,2016-10-22,3
2487,2016-10-23,0
2488,2016-10-24,3
2489,2016-10-25,1
2490,2016-10-26,0
2491,2016-10-27,2
2492,2016-10-28,2
2493,2016-10-29,3
2494,2016-10-30,0
2495,2016-10-31,0
2496,2016-11-01,1
2497,2016-11-02,2
2498,2016-11-03,3
2499,2016-11-04,2
2500,2016-11-05,2
2501,2016-11-06,3
2502,2016-11-07,4
2503,2016-11-08,3
2504,2016-11-09,3
2505,2016-11-10,0
2506,2016-11-11,2
2507,2016-11-12,2
2508,2016-11-13,1
2509,2016-11-14,6
2510,2016-11-15,4
2511,2016-11-16,3
2512,2016-11-17,1
2513,2016-11-18,0
2514,2016-11-19,1
2515,2016-11-20,2
2516,2016-11-21,2
2517,2016-11-22,5
2518,2016-11-23,3
2519,2016-11-24,2
2520,2016-11-25,2
2521,2016-11-26,2
2522,2016-11-27,2
2523,2016-11-28,1
2524,2016-11-29,2
2525,2016-11-30,2
2526,2016-12-01,1
2527,2016-12-02,2
2528,2016-12-03,3
2529,2016-12-04,2
2530,2016-12-05,0
2531,2016-12-06,5
2532,2016-12-07,0
2533,2016-12-08,4
2534,2016-12-09,1
2535,2016-12-10,2
2536,2016-12-11,5
2537,2016-12-12,1
2538,2016-12-13,2
2539,2016-12-14,5
2540,2016-12-15,3
2541,2016-12-16,6
2542,2016-12-17,3
2543,2016-12-18,1
2544,2016-12-19,2
2545,2016-12-20,2
2546,2016-12-21,0
2547,2016-12-22,3
2548,2016-12-23,3
2549,2016-12-24,3
2550,2016-12-25,0
2551,2016-12-26,0
2552,2016-12-27,3
2553,2016-12-28,1
2554,2016-12-29,4
2555,2016-12-30,1
2556,2016-12-31,1
2557,2017-01-01,0
2558,2017-01-02,0
2559,2017-01-03,4
2560,2017-01-04,6
2561,2017-01-05,5
2562,2017-01-06,8
2563,2017-01-07,5
2564,2017-01-08,8
2565,2017-01-09,4
2566,2017-01-10,14
2567,2017-01-11,16
2568,2017-01-12,18
2569,2017-01-13,13
2570,2017-01-14,21
2571,2017-01-15,17
2572,2017-01-16,19
2573,2017-01-17,14
2574,2017-01-18,14
2575,2017-01-19,30
2576,2017-01-20,21
2577,2017-01-21,21
2578,2017-01-22,10
2579,2017-01-23,16
2580,2017-01-24,22
2581,2017-01-25,14
2582,2017-01-26,10
2583,2017-01-27,12
2584,2017-01-28,29
2585,2017-01-29,18
2586,2017-01-30,16
2587,2017-01-31,17
2588,2017-02-01,14
2589,2017-02-02,12
2590,2017-02-03,15
2591,2017-02-04,28
2592,2017-02-05,12
2593,2017-02-06,13
2594,2017-02-07,12
2595,2017-02-08,14
2596,2017-02-09,18
2597,2017-02-10,25
2598,2017-02-11,22
2599,2017-02-12,21
2600,2017-02-13,9
2601,2017-02-14,22
2602,2017-02-15,29
2603,2017-02-16,20
2604,2017-02-17,24
2605,2017-02-18,29
2606,2017-02-19,19
2607,2017-02-20,17
2608,2017-02-21,26
2609,2017-02-22,9
2610,2017-02-23,11
2611,2017-02-24,16
2612,2017-02-25,7
2613,2017-02-26,16
2614,2017-02-27,6
2615,2017-02-28,20
2616,2017-03-01,22
2617,2017-03-02,52
2618,2017-03-03,16
2619,2017-03-04,20
2620,2017-03-05,25
2621,2017-03-06,18
2622,2017-03-07,29
2623,2017-03-08,14
2624,2017-03-09,19
2625,2017-03-10,17
2626,2017-03-11,27
2627,2017-03-12,26
2628,2017-03-13,10
2629,2017-03-14,27
2630,2017-03-15,23
2631,2017-03-16,12
2632,2017-03-17,22
2633,2017-03-18,31
2634,2017-03-19,23
2635,2017-03-20,15
2636,2017-03-21,35
2637,2017-03-22,29
2638,2017-03-23,22
2639,2017-03-24,28
2640,2017-03-25,25
2641,2017-03-26,23
2642,2017-03-27,24
2643,2017-03-28,30
2644,2017-03-29,21
2645,2017-03-30,27
2646,2017-03-31,10
2647,2017-04-01,20
2648,2017-04-02,10
2649,2017-04-03,8
2650,2017-04-04,24
2651,2017-04-05,20
2652,2017-04-06,13
2653,2017-04-07,20
2654,2017-04-08,24
2655,2017-04-09,20
2656,2017-04-10,19
2657,2017-04-11,22
2658,2017-04-12,24
2659,2017-04-13,19
2660,2017-04-14,17
2661,2017-04-15,24
2662,2017-04-16,12
2663,2017-04-17,22
2664,2017-04-18,14
2665,2017-04-19,22
2666,2017-04-20,20
2667,2017-04-21,14
2668,2017-04-22,29
2669,2017-04-23,22
2670,2017-04-24,26
2671,2017-04-25,27
2672,2017-04-26,31
2673,2017-04-27,15
2674,2017-04-28,18
2675,2017-04-29,24
2676,2017-04-30,16
2677,2017-05-01,11
2678,2017-05-02,14
2679,2017-05-03,12
2680,2017-05-04,22
2681,2017-05-05,18
2682,2017-05-06,20
2683,2017-05-07,21
2684,2017-05-08,26
2685,2017-05-09,11
2686,2017-05-10,13
2687,2017-05-11,18
2688,2017-05-12,25
2689,2017-05-13,29
2690,2017-05-14,17
2691,2017-05-15,20
2692,2017-05-16,22
2693,2017-05-17,24
2694,2017-05-18,29
2695,2017-05-19,19
2696,2017-05-20,22
2697,2017-05-21,12
2698,2017-05-22,20
2699,2017-05-23,17
2700,2017-05-24,18
2701,2017-05-25,22
2702,2017-05-26,13
2703,2017-05-27,20
2704,2017-05-28,12
2705,2017-05-29,16
2706,2017-05-30,20
2707,2017-05-31,17
2708,2017-06-01,15
2709,2017-06-02,12
2710,2017-06-03,16
2711,2017-06-04,22
2712,2017-06-05,16
2713,2017-06-06,27
2714,2017-06-07,18
2715,2017-06-08,13
2716,2017-06-09,20
2717,2017-06-10,19
2718,2017-06-11,15
2719,2017-06-12,19
2720,2017-06-13,20
2721,2017-06-14,16
2722,2017-06-15,30
2723,2017-06-16,14
2724,2017-06-17,11
2725,2017-06-18,19
2726,2017-06-19,25
2727,2017-06-20,18
2728,2017-06-21,24
2729,2017-06-22,14
2730,2017-06-23,24
2731,2017-06-24,20
2732,2017-06-25,15
2733,2017-06-26,27
2734,2017-06-27,26
2735,2017-06-28,19
2736,2017-06-29,25
2737,2017-06-30,13
2738,2017-07-01,18
2739,2017-07-02,13
2740,2017-07-03,13
2741,2017-07-04,13
2742,2017-07-05,25
2743,2017-07-06,16
2744,2017-07-07,18
2745,2017-07-08,12
2746,2017-07-09,18
2747,2017-07-10,11
2748,2017-07-11,15
2749,2017-07-12,20
2750,2017-07-13,19
2751,2017-07-14,14
2752,2017-07-15,12
2753,2017-07-16,15
2754,2017-07-17,13
2755,2017-07-18,19
2756,2017-07-19,15
2757,2017-07-20,17
2758,2017-07-21,20
2759,2017-07-22,22
2760,2017-07-23,24
2761,2017-07-24,21
2762,2017-07-25,19
2763,2017-07-26,25
2764,2017-07-27,19
2765,2017-07-28,13
2766,2017-07-29,13
2767,2017-07-30,16
2768,2017-07-31,10
2769,2017-08-01,13
2770,2017-08-02,19
2771,2017-08-03,26
2772,2017-08-04,19
2773,2017-08-05,24
2774,2017-08-06,12
2775,2017-08-07,16
2776,2017-08-08,17
2777,2017-08-09,20
2778,2017-08-10,21
2779,2017-08-11,21
2780,2017-08-12,21
2781,2017-08-13,14
2782,2017-08-14,70
2783,2017-08-15,25
2784,2017-08-16,17
2785,2017-08-17,31
2786,2017-08-18,21
2787,2017-08-19,10
2788,2017-08-20,10
2789,2017-08-21,11
2790,2017-08-22,24
2791,2017-08-23,39
2792,2017-08-24,27
2793,2017-08-25,17
2794,2017-08-26,25
2795,2017-08-27,20
2796,2017-08-28,18
2797,2017-08-29,23
2798,2017-08-30,25
2799,2017-08-31,12
2800,2017-09-01,22
2801,2017-09-02,19
2802,2017-09-03,21
2803,2017-09-04,16
2804,2017-09-05,21
2805,2017-09-06,19
2806,2017-09-07,15
2807,2017-09-08,20
2808,2017-09-09,26
2809,2017-09-10,16
2810,2017-09-11,23
2811,2017-09-12,22
2812,2017-09-13,26
2813,2017-09-14,16
2814,2017-09-15,23
2815,2017-09-16,30
2816,2017-09-17,26
2817,2017-09-18,31
2818,2017-09-19,20
2819,2017-09-20,16
2820,2017-09-21,14
2821,2017-09-22,14
2822,2017-09-23,25
2823,2017-09-24,26
2824,2017-09-25,20
2825,2017-09-26,24
2826,2017-09-27,26
2827,2017-09-28,25
2828,2017-09-29,12
2829,2017-09-30,25
2830,2017-10-01,19
2831,2017-10-02,18
2832,2017-10-03,22
2833,2017-10-04,16
2834,2017-10-05,16
2835,2017-10-06,10
2836,2017-10-07,24
2837,2017-10-08,22
2838,2017-10-09,16
2839,2017-10-10,20
2840,2017-10-11,23
2841,2017-10-12,27
2842,2017-10-13,23
2843,2017-10-14,20
2844,2017-10-15,22
2845,2017-10-16,21
2846,2017-10-17,13
2847,2017-10-18,17
2848,2017-10-19,23
2849,2017-10-20,24
2850,2017-10-21,31
2851,2017-10-22,16
2852,2017-10-23,22
2853,2017-10-24,23
2854,2017-10-25,19
2855,2017-10-26,15
2856,2017-10-27,22
2857,2017-10-28,23
2858,2017-10-29,13
2859,2017-10-30,21
2860,2017-10-31,12
2861,2017-11-01,17
2862,2017-11-02,13
2863,2017-11-03,33
2864,2017-11-04,27
2865,2017-11-05,23
2866,2017-11-06,19
2867,2017-11-07,9
2868,2017-11-08,24
2869,2017-11-09,22
2870,2017-11-10,20
2871,2017-11-11,29
2872,2017-11-12,21
2873,2017-11-13,14
2874,2017-11-14,23
2875,2017-11-15,23
2876,2017-11-16,28
2877,2017-11-17,21
2878,2017-11-18,19
2879,2017-11-19,27
2880,2017-11-20,21
2881,2017-11-21,28
2882,2017-11-22,14
2883,2017-11-23,15
2884,2017-11-24,20
2885,2017-11-25,20
2886,2017-11-26,18
2887,2017-11-27,16
2888,2017-11-28,29
2889,2017-11-29,15
2890,2017-11-30,21
2891,2017-12-01,12
2892,2017-12-02,21
2893,2017-12-03,18
2894,2017-12-04,13
2895,2017-12-05,19
2896,2017-12-06,22
2897,2017-12-07,17
2898,2017-12-08,10
2899,2017-12-09,20
2900,2017-12-10,22
2901,2017-12-11,14
2902,2017-12-12,16
2903,2017-12-13,18
2904,2017-12-14,16
2905,2017-12-15,18
2906,2017-12-16,26
2907,2017-12-17,22
2908,2017-12-18,20
2909,2017-12-19,23
2910,2017-12-20,21
2911,2017-12-21,20
2912,2017-12-22,17
2913,2017-12-23,29
2914,2017-12-24,13
2915,2017-12-25,25
2916,2017-12-26,17
2917,2017-12-27,14
2918,2017-12-28,15
2919,2017-12-29,9
2920,2017-12-30,2
2921,2017-12-31,1
2922,2018-01-01,0
2923,2018-01-02,0
2924,2018-01-03,9
2925,2018-01-04,8
2926,2018-01-05,7
2927,2018-01-06,8
2928,2018-01-07,10
2929,2018-01-08,12
2930,2018-01-09,12
2931,2018-01-10,14
2932,2018-01-11,14
2933,2018-01-12,6
2934,2018-01-13,26
2935,2018-01-14,28
2936,2018-01-15,15
2937,2018-01-16,21
2938,2018-01-17,14
2939,2018-01-18,26
2940,2018-01-19,18
2941,2018-01-20,20
2942,2018-01-21,26
2943,2018-01-22,24
2944,2018-01-23,53
2945,2018-01-24,15
2946,2018-01-25,14
2947,2018-01-26,31
2948,2018-01-27,23
2949,2018-01-28,21
2950,2018-01-29,16
2951,2018-01-30,23
2952,2018-01-31,70
2953,2018-02-01,24
2954,2018-02-02,22
2955,2018-02-03,19
2956,2018-02-04,13
2957,2018-02-05,15
2958,2018-02-06,11
2959,2018-02-07,15
2960,2018-02-08,15
2961,2018-02-09,11
2962,2018-02-10,50
2963,2018-02-11,25
2964,2018-02-12,16
2965,2018-02-13,20
2966,2018-02-14,22
2967,2018-02-15,13
2968,2018-02-16,11
2969,2018-02-17,20
2970,2018-02-18,20
2971,2018-02-19,22
2972,2018-02-20,14
2973,2018-02-21,30
2974,2018-02-22,21
2975,2018-02-23,22
2976,2018-02-24,20
2977,2018-02-25,22
2978,2018-02-26,27
2979,2018-02-27,25
2980,2018-02-28,15
2981,2018-03-01,26
2982,2018-03-02,23
2983,2018-03-03,27
2984,2018-03-04,18
2985,2018-03-05,26
2986,2018-03-06,22
2987,2018-03-07,16
2988,2018-03-08,15
2989,2018-03-09,15
2990,2018-03-10,21
2991,2018-03-11,20
2992,2018-03-12,11
2993,2018-03-13,22
2994,2018-03-14,18
2995,2018-03-15,22
2996,2018-03-16,48
2997,2018-03-17,28
2998,2018-03-18,32
2999,2018-03-19,23
3000,2018-03-20,15
3001,2018-03-21,26
3002,2018-03-22,20
3003,2018-03-23,11
3004,2018-03-24,43
3005,2018-03-25,17
3006,2018-03-26,25
3007,2018-03-27,18
3008,2018-03-28,23
3009,2018-03-29,34
3010,2018-03-30,22
3011,2018-03-31,24
3012,2018-04-01,16
3013,2018-04-02,12
3014,2018-04-03,24
3015,2018-04-04,20
3016,2018-04-05,20
3017,2018-04-06,13
3018,2018-04-07,24
3019,2018-04-08,17
3020,2018-04-09,17
3021,2018-04-10,25
3022,2018-04-11,31
3023,2018-04-12,29
3024,2018-04-13,33
3025,2018-04-14,63
3026,2018-04-15,22
3027,2018-04-16,23
3028,2018-04-17,31
3029,2018-04-18,33
3030,2018-04-19,24
3031,2018-04-20,23
3032,2018-04-21,19
3033,2018-04-22,25
3034,2018-04-23,22
3035,2018-04-24,20
3036,2018-04-25,37
3037,2018-04-26,20
3038,2018-04-27,14
3039,2018-04-28,20
3040,2018-04-29,15
3041,2018-04-30,11
3042,2018-05-01,11
3043,2018-05-02,20
3044,2018-05-03,14
3045,2018-05-04,19
3046,2018-05-05,32
3047,2018-05-06,21
3048,2018-05-07,32
3049,2018-05-08,30
3050,2018-05-09,16
3051,2018-05-10,21
3052,2018-05-11,19
3053,2018-05-12,26
3054,2018-05-13,12
3055,2018-05-14,17
3056,2018-05-15,43
3057,2018-05-16,27
3058,2018-05-17,31
3059,2018-05-18,19
3060,2018-05-19,27
3061,2018-05-20,26
3062,2018-05-21,34
3063,2018-05-22,37
3064,2018-05-23,31
3065,2018-05-24,26
3066,2018-05-25,23
3067,2018-05-26,24
3068,2018-05-27,18
3069,2018-05-28,28
3070,2018-05-29,20
3071,2018-05-30,26
3072,2018-05-31,25
3073,2018-06-01,17
3074,2018-06-02,18
3075,2018-06-03,23
3076,2018-06-04,21
3077,2018-06-05,12
3078,2018-06-06,20
3079,2018-06-07,22
3080,2018-06-08,27
3081,2018-06-09,29
3082,2018-06-10,29
3083,2018-06-11,16
3084,2018-06-12,25
3085,2018-06-13,23
3086,2018-06-14,21
3087,2018-06-15,15
3088,2018-06-16,18
3089,2018-06-17,21
3090,2018-06-18,18
3091,2018-06-19,18
3092,2018-06-20,22
3093,2018-06-21,26
3094,2018-06-22,22
3095,2018-06-23,24
3096,2018-06-24,23
3097,2018-06-25,21
3098,2018-06-26,22
3099,2018-06-27,27
3100,2018-06-28,27
3101,2018-06-29,12
3102,2018-06-30,12
3103,2018-07-01,16
3104,2018-07-02,20
3105,2018-07-03,23
3106,2018-07-04,25
3107,2018-07-05,18
3108,2018-07-06,19
3109,2018-07-07,25
3110,2018-07-08,11
3111,2018-07-09,18
3112,2018-07-10,23
3113,2018-07-11,23
3114,2018-07-12,28
3115,2018-07-13,20
3116,2018-07-14,25
3117,2018-07-15,12
3118,2018-07-16,30
3119,2018-07-17,19
3120,2018-07-18,22
3121,2018-07-19,22
3122,2018-07-20,15
3123,2018-07-21,22
3124,2018-07-22,19
3125,2018-07-23,16
3126,2018-07-24,15
3127,2018-07-25,21
3128,2018-07-26,24
3129,2018-07-27,17
3130,2018-07-28,18
3131,2018-07-29,6
3132,2018-07-30,17
3133,2018-07-31,21
3134,2018-08-01,21
3135,2018-08-02,9
3136,2018-08-03,14
3137,2018-08-04,19
3138,2018-08-05,11
3139,2018-08-06,20
3140,2018-08-07,28
3141,2018-08-08,29
3142,2018-08-09,27
3143,2018-08-10,24
3144,2018-08-11,25
3145,2018-08-12,18
3146,2018-08-13,29
3147,2018-08-14,31
3148,2018-08-15,23
3149,2018-08-16,31
3150,2018-08-17,24
3151,2018-08-18,27
3152,2018-08-19,19
3153,2018-08-20,18
3154,2018-08-21,27
3155,2018-08-22,33
3156,2018-08-23,27
3157,2018-08-24,29
3158,2018-08-25,22
3159,2018-08-26,30
3160,2018-08-27,30
3161,2018-08-28,31
3162,2018-08-29,28
3163,2018-08-30,27
3164,2018-08-31,27
3165,2018-09-01,14
3166,2018-09-02,15
3167,2018-09-03,15
3168,2018-09-04,24
3169,2018-09-05,27
3170,2018-09-06,27
3171,2018-09-07,24
3172,2018-09-08,23
3173,2018-09-09,28
3174,2018-09-10,16
3175,2018-09-11,31
3176,2018-09-12,27
3177,2018-09-13,39
3178,2018-09-14,24
3179,2018-09-15,28
3180,2018-09-16,18
3181,2018-09-17,31
3182,2018-09-18,25
3183,2018-09-19,29
3184,2018-09-20,37
3185,2018-09-21,23
3186,2018-09-22,25
3187,2018-09-23,20
3188,2018-09-24,30
3189,2018-09-25,36
3190,2018-09-26,38
3191,2018-09-27,23
3192,2018-09-28,19
3193,2018-09-29,24
3194,2018-09-30,20
3195,2018-10-01,25
3196,2018-10-02,24
3197,2018-10-03,15
3198,2018-10-04,23
3199,2018-10-05,18
3200,2018-10-06,23
3201,2018-10-07,24
3202,2018-10-08,21
3203,2018-10-09,17
3204,2018-10-10,19
3205,2018-10-11,24
3206,2018-10-12,16
3207,2018-10-13,28
3208,2018-10-14,21
3209,2018-10-15,20
3210,2018-10-16,34
3211,2018-10-17,23
3212,2018-10-18,29
3213,2018-10-19,14
3214,2018-10-20,35
3215,2018-10-21,24
3216,2018-10-22,26
3217,2018-10-23,24
3218,2018-10-24,30
3219,2018-10-25,25
3220,2018-10-26,18
3221,2018-10-27,25
3222,2018-10-28,31
3223,2018-10-29,25
3224,2018-10-30,21
3225,2018-10-31,18
3226,2018-11-01,9
3227,2018-11-02,12
3228,2018-11-03,26
3229,2018-11-04,19
3230,2018-11-05,21
3231,2018-11-06,20
3232,2018-11-07,18
3233,2018-11-08,19
3234,2018-11-09,22
3235,2018-11-10,37
3236,2018-11-11,24
3237,2018-11-12,27
3238,2018-11-13,24
3239,2018-11-14,33
3240,2018-11-15,29
3241,2018-11-16,17
3242,2018-11-17,38
3243,2018-11-18,28
3244,2018-11-19,16
3245,2018-11-20,25
3246,2018-11-21,23
3247,2018-11-22,34
3248,2018-11-23,19
3249,2018-11-24,29
3250,2018-11-25,28
3251,2018-11-26,28
3252,2018-11-27,13
3253,2018-11-28,24
3254,2018-11-29,19
3255,2018-11-30,17
3256,2018-12-01,17
3257,2018-12-02,22
3258,2018-12-03,21
3259,2018-12-04,22
3260,2018-12-05,25
3261,2018-12-06,26
3262,2018-12-07,39
3263,2018-12-08,39
3264,2018-12-09,24
3265,2018-12-10,24
3266,2018-12-11,18
3267,2018-12-12,33
3268,2018-12-13,24
3269,2018-12-14,26
3270,2018-12-15,35
3271,2018-12-16,21
3272,2018-12-17,26
3273,2018-12-18,22
3274,2018-12-19,35
3275,2018-12-20,28
3276,2018-12-21,20
3277,2018-12-22,19
3278,2018-12-23,22
3279,2018-12-24,32
3280,2018-12-25,38
3281,2018-12-26,23
3282,2018-12-27,13
3283,2018-12-28,13
3284,2018-12-29,10
3285,2018-12-30,7
3286,2018-12-31,5
3287,2019-01-01,0
3288,2019-01-02,0
3289,2019-01-03,5
3290,2019-01-04,4
3291,2019-01-05,5
3292,2019-01-06,9
3293,2019-01-07,7
3294,2019-01-08,9
3295,2019-01-09,13
3296,2019-01-10,15
3297,2019-01-11,11
3298,2019-01-12,9
3299,2019-01-13,10
3300,2019-01-14,11
3301,2019-01-15,12
3302,2019-01-16,13
3303,2019-01-17,18
3304,2019-01-18,16
3305,2019-01-19,8
3306,2019-01-20,13
3307,2019-01-21,7
3308,2019-01-22,11
3309,2019-01-23,21
3310,2019-01-24,4
3311,2019-01-25,13
3312,2019-01-26,17
3313,2019-01-27,16
3314,2019-01-28,13
3315,2019-01-29,7
3316,2019-01-30,15
3317,2019-01-31,13
3318,2019-02-01,11
3319,2019-02-02,16
3320,2019-02-03,9
3321,2019-02-04,8
3322,2019-02-05,11
3323,2019-02-06,14
3324,2019-02-07,16
3325,2019-02-08,18
3326,2019-02-09,16
3327,2019-02-10,16
3328,2019-02-11,9
3329,2019-02-12,16
3330,2019-02-13,19
3331,2019-02-14,19
3332,2019-02-15,28
3333,2019-02-16,24
3334,2019-02-17,21
3335,2019-02-18,20
3336,2019-02-19,33
3337,2019-02-20,24
3338,2019-02-21,15
3339,2019-02-22,15
3340,2019-02-23,21
3341,2019-02-24,24
3342,2019-02-25,12
3343,2019-02-26,27
3344,2019-02-27,8
3345,2019-02-28,35
3346,2019-03-01,15
3347,2019-03-02,23
3348,2019-03-03,22
3349,2019-03-04,23
3350,2019-03-05,22
3351,2019-03-06,12
3352,2019-03-07,15
3353,2019-03-08,10
3354,2019-03-09,15
3355,2019-03-10,15
3356,2019-03-11,12
3357,2019-03-12,24
3358,2019-03-13,23
3359,2019-03-14,30
3360,2019-03-15,13
3361,2019-03-16,30
3362,2019-03-17,29
3363,2019-03-18,21
3364,2019-03-19,20
3365,2019-03-20,18
3366,2019-03-21,17
3367,2019-03-22,25
3368,2019-03-23,33
3369,2019-03-24,23
3370,2019-03-25,19
3371,2019-03-26,26
3372,2019-03-27,21
3373,2019-03-28,23
3374,2019-03-29,13
3375,2019-03-30,23
3376,2019-03-31,22
3377,2019-04-01,12
3378,2019-04-02,26
3379,2019-04-03,22
3380,2019-04-04,23
3381,2019-04-05,26
3382,2019-04-06,25
3383,2019-04-07,24
3384,2019-04-08,29
3385,2019-04-09,21
3386,2019-04-10,24
3387,2019-04-11,21
3388,2019-04-12,17
3389,2019-04-13,20
3390,2019-04-14,19
3391,2019-04-15,19
3392,2019-04-16,26
3393,2019-04-17,22
3394,2019-04-18,20
3395,2019-04-19,26
3396,2019-04-20,22
3397,2019-04-21,22
3398,2019-04-22,25
3399,2019-04-23,25
3400,2019-04-24,25
3401,2019-04-25,25
3402,2019-04-26,26
3403,2019-04-27,17
3404,2019-04-28,14
3405,2019-04-29,17
3406,2019-04-30,18
3407,2019-05-01,7
3408,2019-05-02,13
3409,2019-05-03,11
3410,2019-05-04,11
3411,2019-05-05,5
3412,2019-05-06,14
3413,2019-05-07,30
3414,2019-05-08,22
3415,2019-05-09,12
3416,2019-05-10,15
3417,2019-05-11,13
3418,2019-05-12,12
3419,2019-05-13,26
3420,2019-05-14,15
3421,2019-05-15,21
3422,2019-05-16,24
3423,2019-05-17,19
3424,2019-05-18,16
3425,2019-05-19,16
3426,2019-05-20,20
3427,2019-05-21,16
3428,2019-05-22,19
3429,2019-05-23,16
3430,2019-05-24,21
3431,2019-05-25,23
3432,2019-05-26,20
3433,2019-05-27,12
3434,2019-05-28,20
3435,2019-05-29,17
3436,2019-05-30,16
3437,2019-05-31,24
3438,2019-06-01,13
3439,2019-06-02,9
3440,2019-06-03,15
3441,2019-06-04,37
3442,2019-06-05,29
3443,2019-06-06,14
3444,2019-06-07,12
3445,2019-06-08,13
3446,2019-06-09,14
3447,2019-06-10,35
3448,2019-06-11,30
3449,2019-06-12,21
3450,2019-06-13,23
3451,2019-06-14,22
3452,2019-06-15,17
3453,2019-06-16,11
3454,2019-06-17,11
3455,2019-06-18,13
3456,2019-06-19,37
3457,2019-06-20,21
3458,2019-06-21,21
3459,2019-06-22,20
3460,2019-06-23,20
3461,2019-06-24,23
3462,2019-06-25,24
3463,2019-06-26,28
3464,2019-06-27,24
3465,2019-06-28,16
3466,2019-06-29,17
3467,2019-06-30,14
3468,2019-07-01,20
3469,2019-07-02,14
3470,2019-07-03,15
3471,2019-07-04,26
3472,2019-07-05,23
3473,2019-07-06,20
3474,2019-07-07,17
3475,2019-07-08,8
3476,2019-07-09,19
3477,2019-07-10,23
3478,2019-07-11,19
3479,2019-07-12,30
3480,2019-07-13,29
3481,2019-07-14,16
3482,2019-07-15,15
3483,2019-07-16,16
3484,2019-07-17,17
3485,2019-07-18,12
3486,2019-07-19,42
3487,2019-07-20,24
3488,2019-07-21,10
3489,2019-07-22,23
3490,2019-07-23,19
3491,2019-07-24,21
3492,2019-07-25,23
3493,2019-07-26,15
3494,2019-07-27,13
3495,2019-07-28,21
3496,2019-07-29,17
3497,2019-07-30,21
3498,2019-07-31,14
3499,2019-08-01,9
3500,2019-08-02,14
3501,2019-08-03,13
3502,2019-08-04,13
3503,2019-08-05,15
3504,2019-08-06,24
3505,2019-08-07,15
3506,2019-08-08,16
3507,2019-08-09,20
3508,2019-08-10,24
3509,2019-08-11,11
3510,2019-08-12,30
3511,2019-08-13,26
3512,2019-08-14,27
3513,2019-08-15,12
3514,2019-08-16,20
3515,2019-08-17,7
3516,2019-08-18,10
3517,2019-08-19,22
3518,2019-08-20,17
3519,2019-08-21,23
3520,2019-08-22,20
3521,2019-08-23,22
3522,2019-08-24,30
3523,2019-08-25,19
3524,2019-08-26,27
3525,2019-08-27,21
3526,2019-08-28,32
3527,2019-08-29,16
3528,2019-08-30,9
3529,2019-08-31,12
3530,2019-09-01,11
3531,2019-09-02,15
3532,2019-09-03,16
3533,2019-09-04,17
3534,2019-09-05,28
3535,2019-09-06,19
3536,2019-09-07,19
3537,2019-09-08,15
3538,2019-09-09,21
3539,2019-09-10,16
3540,2019-09-11,14
3541,2019-09-12,17
3542,2019-09-13,19
3543,2019-09-14,20
3544,2019-09-15,16
3545,2019-09-16,18
3546,2019-09-17,18
3547,2019-09-18,32
3548,2019-09-19,24
3549,2019-09-20,21
3550,2019-09-21,28
3551,2019-09-22,19
3552,2019-09-23,16
3553,2019-09-24,25
3554,2019-09-25,28
3555,2019-09-26,35
3556,2019-09-27,27
3557,2019-09-28,18
3558,2019-09-29,21
3559,2019-09-30,20
3560,2019-10-01,11
3561,2019-10-02,20
3562,2019-10-03,17
3563,2019-10-04,13
3564,2019-10-05,20
3565,2019-10-06,23
3566,2019-10-07,15
3567,2019-10-08,29
3568,2019-10-09,21
3569,2019-10-10,15
3570,2019-10-11,18
3571,2019-10-12,20
3572,2019-10-13,14
3573,2019-10-14,19
3574,2019-10-15,33
3575,2019-10-16,14
3576,2019-10-17,16
3577,2019-10-18,14
3578,2019-10-19,25
3579,2019-10-20,32
3580,2019-10-21,16
3581,2019-10-22,24
3582,2019-10-23,20
3583,2019-10-24,28
3584,2019-10-25,15
3585,2019-10-26,33
3586,2019-10-27,24
3587,2019-10-28,30
3588,2019-10-29,20
3589,2019-10-30,18
3590,2019-10-31,11
3591,2019-11-01,10
3592,2019-11-02,21
3593,2019-11-03,19
3594,2019-11-04,14
3595,2019-11-05,30
3596,2019-11-06,25
3597,2019-11-07,20
3598,2019-11-08,33
3599,2019-11-09,22
3600,2019-11-10,23
3601,2019-11-11,20
3602,2019-11-12,23
3603,2019-11-13,15
3604,2019-11-14,13
3605,2019-11-15,24
3606,2019-11-16,35
3607,2019-11-17,33
3608,2019-11-18,13
3609,2019-11-19,23
3610,2019-11-20,24
3611,2019-11-21,18
3612,2019-11-22,42
3613,2019-11-23,27
3614,2019-11-24,28
3615,2019-11-25,25
3616,2019-11-26,51
3617,2019-11-27,18
3618,2019-11-28,19
3619,2019-11-29,30
3620,2019-11-30,24
3621,2019-12-01,21
3622,2019-12-02,24
3623,2019-12-03,38
3624,2019-12-04,19
3625,2019-12-05,28
3626,2019-12-06,13
3627,2019-12-07,27
3628,2019-12-08,32
3629,2019-12-09,32
3630,2019-12-10,21
3631,2019-12-11,21
3632,2019-12-12,24
3633,2019-12-13,26
3634,2019-12-14,32
3635,2019-12-15,24
3636,2019-12-16,24
3637,2019-12-17,36
3638,2019-12-18,28
3639,2019-12-19,27
3640,2019-12-20,26
3641,2019-12-21,36
3642,2019-12-22,30
3643,2019-12-23,29
3644,2019-12-24,22
3645,2019-12-25,28
3646,2019-12-26,16
3647,2019-12-27,18
3648,2019-12-28,12
3649,2019-12-29,11
3650,2019-12-30,12
3651,2019-12-31,1
3652,2020-01-01,0
3653,2020-01-02,0
3654,2020-01-03,8
3655,2020-01-04,8
3656,2020-01-05,14
3657,2020-01-06,14
3658,2020-01-07,11
3659,2020-01-08,14
3660,2020-01-09,15
3661,2020-01-10,14
3662,2020-01-11,23
3663,2020-01-12,18
3664,2020-01-13,27
3665,2020-01-14,20
3666,2020-01-15,17
3667,2020-01-16,38
3668,2020-01-17,21
3669,2020-01-18,41
3670,2020-01-19,30
3671,2020-01-20,16
3672,2020-01-21,18
3673,2020-01-22,29
3674,2020-01-23,20
3675,2020-01-24,21
3676,2020-01-25,22
3677,2020-01-26,26
3678,2020-01-27,31
3679,2020-01-28,23
3680,2020-01-29,17
3681,2020-01-30,17
3682,2020-01-31,14
3683,2020-02-01,23
3684,2020-02-02,20
3685,2020-02-03,40
3686,2020-02-04,23
3687,2020-02-05,20
3688,2020-02-06,25
3689,2020-02-07,19
3690,2020-02-08,28
3691,2020-02-09,25
3692,2020-02-10,26
3693,2020-02-11,33
3694,2020-02-12,18
3695,2020-02-13,20
3696,2020-02-14,13
3697,2020-02-15,30
3698,2020-02-16,25
3699,2020-02-17,18
3700,2020-02-18,18
3701,2020-02-19,18
3702,2020-02-20,14
3703,2020-02-21,27
3704,2020-02-22,24
3705,2020-02-23,21
3706,2020-02-24,23
3707,2020-02-25,19
3708,2020-02-26,36
3709,2020-02-27,28
3710,2020-02-28,28
3711,2020-02-29,24
3712,2020-03-01,22
3713,2020-03-02,24
3714,2020-03-03,28
3715,2020-03-04,22
3716,2020-03-05,16
3717,2020-03-06,18
3718,2020-03-07,31
3719,2020-03-08,15
3720,2020-03-09,43
3721,2020-03-10,51
3722,2020-03-11,36
3723,2020-03-12,56
3724,2020-03-13,38
3725,2020-03-14,60
3726,2020-03-15,38
3727,2020-03-16,26
3728,2020-03-17,33
3729,2020-03-18,47
3730,2020-03-19,32
3731,2020-03-20,39
3732,2020-03-21,47
3733,2020-03-22,35
3734,2020-03-23,42
3735,2020-03-24,39
3736,2020-03-25,23
3737,2020-03-26,27
3738,2020-03-27,22
3739,2020-03-28,0
3740,2020-03-29,0
3741,2020-03-30,9
3742,2020-03-31,2
3743,2020-04-01,0
3744,2020-04-02,2
3745,2020-04-03,0
3746,2020-04-04,3
3747,2020-04-05,1
3748,2020-04-06,2
3749,2020-04-07,2
3750,2020-04-08,4
3751,2020-04-09,4
3752,2020-04-10,9
3753,2020-04-11,0
3754,2020-04-12,3
3755,2020-04-13,2
3756,2020-04-14,2
3757,2020-04-15,1
3758,2020-04-16,2
3759,2020-04-17,8
3760,2020-04-18,1
3761,2020-04-19,2
3762,2020-04-20,7
3763,2020-04-21,8
3764,2020-04-22,5
3765,2020-04-23,6
3766,2020-04-24,7
3767,2020-04-25,4
3768,2020-04-26,7
3769,2020-04-27,5
3770,2020-04-28,9
3771,2020-04-29,9
3772,2020-04-30,4
3773,2020-05-01,1
3774,2020-05-02,2
3775,2020-05-03,2
3776,2020-05-04,4
3777,2020-05-05,3
3778,2020-05-06,3
3779,2020-05-07,15
3780,2020-05-08,9
3781,2020-05-09,2
3782,2020-05-10,4
3783,2020-05-11,4
3784,2020-05-12,6
3785,2020-05-13,7
3786,2020-05-14,7
3787,2020-05-15,15
3788,2020-05-16,4
3789,2020-05-17,7
3790,2020-05-18,9
3791,2020-05-19,22
3792,2020-05-20,15
3793,2020-05-21,13
3794,2020-05-22,8
3795,2020-05-23,9
3796,2020-05-24,7
3797,2020-05-25,16
3798,2020-05-26,10
3799,2020-05-27,21
3800,2020-05-28,23
3801,2020-05-29,8
3802,2020-05-30,14
3803,2020-05-31,12
3804,2020-06-01,21
3805,2020-06-02,11
3806,2020-06-03,20
3807,2020-06-04,14
3808,2020-06-05,19
3809,2020-06-06,9
3810,2020-06-07,16
3811,2020-06-08,16
3812,2020-06-09,30
3813,2020-06-10,22
3814,2020-06-11,18
3815,2020-06-12,19
3816,2020-06-13,26
3817,2020-06-14,32
3818,2020-06-15,33
3819,2020-06-16,45
3820,2020-06-17,22
3821,2020-06-18,34
3822,2020-06-19,36
3823,2020-06-20,36
3824,2020-06-21,30
3825,2020-06-22,48
3826,2020-06-23,37
3827,2020-06-24,24
3828,2020-06-25,30
3829,2020-06-26,26
3830,2020-06-27,27
3831,2020-06-28,24
3832,2020-06-29,39
3833,2020-06-30,25
3834,2020-07-01,19
3835,2020-07-02,28
3836,2020-07-03,38
3837,2020-07-04,32
3838,2020-07-05,36
3839,2020-07-06,40
3840,2020-07-07,38
3841,2020-07-08,62
3842,2020-07-09,45
3843,2020-07-10,31
3844,2020-07-11,26
3845,2020-07-12,37
3846,2020-07-13,32
3847,2020-07-14,30
3848,2020-07-15,41
3849,2020-07-16,27
3850,2020-07-17,30
3851,2020-07-18,22
3852,2020-07-19,25
3853,2020-07-20,39
3854,2020-07-21,40
3855,2020-07-22,34
3856,2020-07-23,34
3857,2020-07-24,50
3858,2020-07-25,50
3859,2020-07-26,26
3860,2020-07-27,38
3861,2020-07-28,43
3862,2020-07-29,29
3863,2020-07-30,36
3864,2020-07-31,27
3865,2020-08-01,26
3866,2020-08-02,27
3867,2020-08-03,20
3868,2020-08-04,22
3869,2020-08-05,26
3870,2020-08-06,27
3871,2020-08-07,22
3872,2020-08-08,27
3873,2020-08-09,19
3874,2020-08-10,20
3875,2020-08-11,32
3876,2020-08-12,37
3877,2020-08-13,13
3878,2020-08-14,31
3879,2020-08-15,32
3880,2020-08-16,15
3881,2020-08-17,40
3882,2020-08-18,26
3883,2020-08-19,41
3884,2020-08-20,28
3885,2020-08-21,16
3886,2020-08-22,15
3887,2020-08-23,23
3888,2020-08-24,14
3889,2020-08-25,47
3890,2020-08-26,21
3891,2020-08-27,19
3892,2020-08-28,28
3893,2020-08-29,22
3894,2020-08-30,25
3895,2020-08-31,21
3896,2020-09-01,19
3897,2020-09-02,22
3898,2020-09-03,18
3899,2020-09-04,19
3900,2020-09-05,23
3901,2020-09-06,16
3902,2020-09-07,42
3903,2020-09-08,14
3904,2020-09-09,27
3905,2020-09-10,20
3906,2020-09-11,44
3907,2020-09-12,22
3908,2020-09-13,22
3909,2020-09-14,16
3910,2020-09-15,40
3911,2020-09-16,34
3912,2020-09-17,17
3913,2020-09-18,22
3914,2020-09-19,32
3915,2020-09-20,25
3916,2020-09-21,22
3917,2020-09-22,43
3918,2020-09-23,27
3919,2020-09-24,33
3920,2020-09-25,28
3921,2020-09-26,21
3922,2020-09-27,22
3923,2020-09-28,30
3924,2020-09-29,35
3925,2020-09-30,25
3926,2020-10-01,30
3927,2020-10-02,17
3928,2020-10-03,27
3929,2020-10-04,35
3930,2020-10-05,23
3931,2020-10-06,39
3932,2020-10-07,33
3933,2020-10-08,40
3934,2020-10-09,19
3935,2020-10-10,36
3936,2020-10-11,28
3937,2020-10-12,23
3938,2020-10-13,27
3939,2020-10-14,20
3940,2020-10-15,31
3941,2020-10-16,34
3942,2020-10-17,22
3943,2020-10-18,28
3944,2020-10-19,21
3945,2020-10-20,13
3946,2020-10-21,20
3947,2020-10-22,20
3948,2020-10-23,35
3949,2020-10-24,24
3950,2020-10-25,27
3951,2020-10-26,20
3952,2020-10-27,35
3953,2020-10-28,19
3954,2020-10-29,18
3955,2020-10-30,27
3956,2020-10-31,26
3957,2020-11-01,24
3958,2020-11-02,28
3959,2020-11-03,33
3960,2020-11-04,22
3961,2020-11-05,47
3962,2020-11-06,23
3963,2020-11-07,26
3964,2020-11-08,12
3965,2020-11-09,28
3966,2020-11-10,17
3967,2020-11-11,18
3968,2020-11-12,34
3969,2020-11-13,21
3970,2020-11-14,30
3971,2020-11-15,28
3972,2020-11-16,46
3973,2020-11-17,42
3974,2020-11-18,52
3975,2020-11-19,35
3976,2020-11-20,19
3977,2020-11-21,25
3978,2020-11-22,19
3979,2020-11-23,21
3980,2020-11-24,23
3981,2020-11-25,18
3982,2020-11-26,22
3983,2020-11-27,27
3984,2020-11-28,25
3985,2020-11-29,24
3986,2020-11-30,19
3987,2020-12-01,25
3988,2020-12-02,15
3989,2020-12-03,15
3990,2020-12-04,20
3991,2020-12-05,19
3992,2020-12-06,29
3993,2020-12-07,24
3994,2020-12-08,12
3995,2020-12-09,21
3996,2020-12-10,12
3997,2020-12-11,23
3998,2020-12-12,23
3999,2020-12-13,23
4000,2020-12-14,33
4001,2020-12-15,29
4002,2020-12-16,35
4003,2020-12-17,26
4004,2020-12-18,14
4005,2020-12-19,24
4006,2020-12-20,20
4007,2020-12-21,18
4008,2020-12-22,34
4009,2020-12-23,24
4010,2020-12-24,25
4011,2020-12-25,21
4012,2020-12-26,21
4013,2020-12-27,22
4014,2020-12-28,24
4015,2020-12-29,11
4016,2020-12-30,17
4017,2020-12-31,3
4018,2021-01-01,0
4019,2021-01-02,0
4020,2021-01-03,13
4021,2021-01-04,15
4022,2021-01-05,14
4023,2021-01-06,20
4024,2021-01-07,24
4025,2021-01-08,6
4026,2021-01-09,22
4027,2021-01-10,14
4028,2021-01-11,18
4029,2021-01-12,20
4030,2021-01-13,16
4031,2021-01-14,19
4032,2021-01-15,16
4033,2021-01-16,21
4034,2021-01-17,21
4035,2021-01-18,21
4036,2021-01-19,21
4037,2021-01-20,21
4038,2021-01-21,25
4039,2021-01-22,27
4040,2021-01-23,31
4041,2021-01-24,32
4042,2021-01-25,32
4043,2021-01-26,29
4044,2021-01-27,26
4045,2021-01-28,34
4046,2021-01-29,15
4047,2021-01-30,28
4048,2021-01-31,23
4049,2021-02-01,23
4050,2021-02-02,22
4051,2021-02-03,24
4052,2021-02-04,22
4053,2021-02-05,35
4054,2021-02-06,39
4055,2021-02-07,27
4056,2021-02-08,27
4057,2021-02-09,24
4058,2021-02-10,20
4059,2021-02-11,16
4060,2021-02-12,17
4061,2021-02-13,37
4062,2021-02-14,23
4063,2021-02-15,17
4064,2021-02-16,17
4065,2021-02-17,16
4066,2021-02-18,20
4067,2021-02-19,26
4068,2021-02-20,30
4069,2021-02-21,16
4070,2021-02-22,24
4071,2021-02-23,19
4072,2021-02-24,18
4073,2021-02-25,26
4074,2021-02-26,17
4075,2021-02-27,29
4076,2021-02-28,27
4077,2021-03-01,45
4078,2021-03-02,22
4079,2021-03-03,26
4080,2021-03-04,35
4081,2021-03-05,18
4082,2021-03-06,34
4083,2021-03-07,23
4084,2021-03-08,20
4085,2021-03-09,22
4086,2021-03-10,42
4087,2021-03-11,28
4088,2021-03-12,17
4089,2021-03-13,33
4090,2021-03-14,18
4091,2021-03-15,25
4092,2021-03-16,42
4093,2021-03-17,30
4094,2021-03-18,34
4095,2021-03-19,30
4096,2021-03-20,34
4097,2021-03-21,31
4098,2021-03-22,34
4099,2021-03-23,24
4100,2021-03-24,27
4101,2021-03-25,26
4102,2021-03-26,22
4103,2021-03-27,28
4104,2021-03-28,40
4105,2021-03-29,35
4106,2021-03-30,31
4107,2021-03-31,29
4108,2021-04-01,28
4109,2021-04-02,31
4110,2021-04-03,46
4111,2021-04-04,35
4112,2021-04-05,25
4113,2021-04-06,25
4114,2021-04-07,26
4115,2021-04-08,44
4116,2021-04-09,28
4117,2021-04-10,44
4118,2021-04-11,25
4119,2021-04-12,29
4120,2021-04-13,36
4121,2021-04-14,32
4122,2021-04-15,28
4123,2021-04-16,30
4124,2021-04-17,23
4125,2021-04-18,36
4126,2021-04-19,25
4127,2021-04-20,36
4128,2021-04-21,40
4129,2021-04-22,32
4130,2021-04-23,56
4131,2021-04-24,35
4132,2021-04-25,29
4133,2021-04-26,43
4134,2021-04-27,45
4135,2021-04-28,27
4136,2021-04-29,33
4137,2021-04-30,40
4138,2021-05-01,21
4139,2021-05-02,9
4140,2021-05-03,19
4141,2021-05-04,11
4142,2021-05-05,41
4143,2021-05-06,23
4144,2021-05-07,28
4145,2021-05-08,24
4146,2021-05-09,20
4147,2021-05-10,17
4148,2021-05-11,24
4149,2021-05-12,17
4150,2021-05-13,35
4151,2021-05-14,36
4152,2021-05-15,27
4153,2021-05-16,30
4154,2021-05-17,35
4155,2021-05-18,31
4156,2021-05-19,38
4157,2021-05-20,20
4158,2021-05-21,32
4159,2021-05-22,27
4160,2021-05-23,29
4161,2021-05-24,31
4162,2021-05-25,32
4163,2021-05-26,35
4164,2021-05-27,38
4165,2021-05-28,32
4166,2021-05-29,27
4167,2021-05-30,39
4168,2021-05-31,19
4169,2021-06-01,21
4170,2021-06-02,35
4171,2021-06-03,21
4172,2021-06-04,21
4173,2021-06-05,20
4174,2021-06-06,17
4175,2021-06-07,19
4176,2021-06-08,16
4177,2021-06-09,22
4178,2021-06-10,22
4179,2021-06-11,38
4180,2021-06-12,19
4181,2021-06-13,9
4182,2021-06-14,13
4183,2021-06-15,22
4184,2021-06-16,23
4185,2021-06-17,20
4186,2021-06-18,33
4187,2021-06-19,15
4188,2021-06-20,12
4189,2021-06-21,12
4190,2021-06-22,13
4191,2021-06-23,18
4192,2021-06-24,23
4193,2021-06-25,25
4194,2021-06-26,10
4195,2021-06-27,10
4196,2021-06-28,28
4197,2021-06-29,16
4198,2021-06-30,23
4199,2021-07-01,20
4200,2021-07-02,15
4201,2021-07-03,11
4202,2021-07-04,7
4203,2021-07-05,14
4204,2021-07-06,13
4205,2021-07-07,11
4206,2021-07-08,18
4207,2021-07-09,13
4208,2021-07-10,13
4209,2021-07-11,5
4210,2021-07-12,12
4211,2021-07-13,19
4212,2021-07-14,12
4213,2021-07-15,19
4214,2021-07-16,19
4215,2021-07-17,16
4216,2021-07-18,15
4217,2021-07-19,19
4218,2021-07-20,30
4219,2021-07-21,24
4220,2021-07-22,15
4221,2021-07-23,13
4222,2021-07-24,13
4223,2021-07-25,16
4224,2021-07-26,25
4225,2021-07-27,22
4226,2021-07-28,24
4227,2021-07-29,33
4228,2021-07-30,13
4229,2021-07-31,12
4230,2021-08-01,15
4231,2021-08-02,13
4232,2021-08-03,25
4233,2021-08-04,11
4234,2021-08-05,12
4235,2021-08-06,16
4236,2021-08-07,23
4237,2021-08-08,18
4238,2021-08-09,20
4239,2021-08-10,15
4240,2021-08-11,16
4241,2021-08-12,17
4242,2021-08-13,17
4243,2021-08-14,19
4244,2021-08-15,16
4245,2021-08-16,19
4246,2021-08-17,11
4247,2021-08-18,16
4248,2021-08-19,14
4249,2021-08-20,16
4250,2021-08-21,15
4251,2021-08-22,13
4252,2021-08-23,25
4253,2021-08-24,25
4254,2021-08-25,28
4255,2021-08-26,13
4256,2021-08-27,18
4257,2021-08-28,16
4258,2021-08-29,19
4259,2021-08-30,15
4260,2021-08-31,15
4261,2021-09-01,15
4262,2021-09-02,17
4263,2021-09-03,15
4264,2021-09-04,19
4265,2021-09-05,19
4266,2021-09-06,24
4267,2021-09-07,22
4268,2021-09-08,22
4269,2021-09-09,22
4270,2021-09-10,20
4271,2021-09-11,19
4272,2021-09-12,20
4273,2021-09-13,30
4274,2021-09-14,26
4275,2021-09-15,27
4276,2021-09-16,14
4277,2021-09-17,15
4278,2021-09-18,19
4279,2021-09-19,18
4280,2021-09-20,27
4281,2021-09-21,23
4282,2021-09-22,21
4283,2021-09-23,38
4284,2021-09-24,24
4285,2021-09-25,12
4286,2021-09-26,14
4287,2021-09-27,18
4288,2021-09-28,28
4289,2021-09-29,21
4290,2021-09-30,22
4291,2021-10-01,23
4292,2021-10-02,7
4293,2021-10-03,4
4294,2021-10-04,7
4295,2021-10-05,17
4296,2021-10-06,19
4297,2021-10-07,20
4298,2021-10-08,14
4299,2021-10-09,7
4300,2021-10-10,6
4301,2021-10-11,14
4302,2021-10-12,12
4303,2021-10-13,17
4304,2021-10-14,15
4305,2021-10-15,10
4306,2021-10-16,7
4307,2021-10-17,5
4308,2021-10-18,3
4309,2021-10-19,9
4310,2021-10-20,12
4311,2021-10-21,7
4312,2021-10-22,12
4313,2021-10-23,9
4314,2021-10-24,4
4315,2021-10-25,14
4316,2021-10-26,11
4317,2021-10-27,10
4318,2021-10-28,5
4319,2021-10-29,6
4320,2021-10-30,1
4321,2021-10-31,0
4322,2021-11-01,0
4323,2021-11-02,4
4324,2021-11-03,3
4325,2021-11-04,1
4326,2021-11-05,1
4327,2021-11-06,1
4328,2021-11-07,2
4329,2021-11-08,8
4330,2021-11-09,8
4331,2021-11-10,11
4332,2021-11-11,7
4333,2021-11-12,6
4334,2021-11-13,10
4335,2021-11-14,8
4336,2021-11-15,10
4337,2021-11-16,12
4338,2021-11-17,7
4339,2021-11-18,15
4340,2021-11-19,8
4341,2021-11-20,9
4342,2021-11-21,9
4343,2021-11-22,11
4344,2021-11-23,20
4345,2021-11-24,8
4346,2021-11-25,18
4347,2021-11-26,7
4348,2021-11-27,8
4349,2021-11-28,10
4350,2021-11-29,9
4351,2021-11-30,9
4352,2021-12-01,10
4353,2021-12-02,12
4354,2021-12-03,20
4355,2021-12-04,8
4356,2021-12-05,8
4357,2021-12-06,9
4358,2021-12-07,20
4359,2021-12-08,20
4360,2021-12-09,12
4361,2021-12-10,6
4362,2021-12-11,16
4363,2021-12-12,9
4364,2021-12-13,16
4365,2021-12-14,12
4366,2021-12-15,10
4367,2021-12-16,14
4368,2021-12-17,10
4369,2021-12-18,15
4370,2021-12-19,17
4371,2021-12-20,9
4372,2021-12-21,32
4373,2021-12-22,9
4374,2021-12-23,24
4375,2021-12-24,20
4376,2021-12-25,15
4377,2021-12-26,13
4378,2021-12-27,11
4379,2021-12-28,22
4380,2021-12-29,15
4381,2021-12-30,7
4382,2021-12-31,0
